# Blender 4.4.1
# www.blender.org
mtllib player.mtl
o 球.002
v 0.000000 0.730296 -0.244684
v 0.000000 0.608785 -0.366195
v 0.000000 0.450024 -0.431956
v 0.000000 0.364101 -0.440419
v 0.000000 0.278181 -0.431956
v 0.000000 0.119419 -0.366194
v 0.016763 0.796059 -0.084270
v 0.032880 0.770996 -0.165302
v 0.047736 0.730296 -0.239982
v 0.060756 0.675525 -0.305439
v 0.071441 0.608785 -0.359158
v 0.079381 0.532643 -0.399075
v 0.084270 0.450024 -0.423656
v 0.085921 0.364101 -0.431956
v 0.084270 0.278181 -0.423656
v 0.079381 0.195561 -0.399074
v 0.071441 0.119419 -0.359158
v 0.060756 0.052679 -0.305438
v 0.047736 -0.002093 -0.239982
v 0.032880 -0.042791 -0.165302
v 0.016763 -0.067854 -0.084270
v 0.032880 0.796059 -0.079381
v 0.064498 0.770996 -0.155711
v 0.093636 0.730296 -0.226058
v 0.119176 0.675525 -0.287717
v 0.140136 0.608785 -0.338320
v 0.155711 0.532643 -0.375921
v 0.165302 0.450024 -0.399075
v 0.168540 0.364101 -0.406893
v 0.165302 0.278181 -0.399075
v 0.155711 0.195561 -0.375921
v 0.140136 0.119419 -0.338320
v 0.119176 0.052679 -0.287717
v 0.093636 -0.002093 -0.226058
v 0.064498 -0.042791 -0.155711
v 0.032880 -0.067854 -0.079381
v 0.047736 0.796059 -0.071442
v 0.093636 0.770996 -0.140137
v 0.135939 0.730296 -0.203447
v 0.173017 0.675525 -0.258940
v 0.203447 0.608785 -0.304480
v 0.226058 0.532643 -0.338320
v 0.239982 0.450024 -0.359158
v 0.244684 0.364101 -0.366195
v 0.239982 0.278181 -0.359158
v 0.226058 0.195561 -0.338320
v 0.203447 0.119419 -0.304480
v 0.173017 0.052679 -0.258938
v 0.135939 -0.002093 -0.203447
v 0.093636 -0.042791 -0.140137
v 0.047736 -0.067854 -0.071441
v 0.060756 0.796059 -0.060756
v 0.119176 0.770996 -0.119176
v 0.173017 0.730296 -0.173018
v 0.220210 0.675525 -0.220210
v 0.258938 0.608785 -0.258938
v 0.287717 0.532643 -0.287717
v 0.305438 0.450024 -0.305438
v 0.311423 0.364101 -0.311423
v 0.305438 0.278181 -0.305438
v 0.287717 0.195561 -0.287717
v 0.258938 0.119419 -0.258938
v 0.220210 0.052679 -0.220210
v 0.173017 -0.002093 -0.173017
v 0.119176 -0.042791 -0.119176
v 0.060756 -0.067854 -0.060756
v 0.071441 0.796059 -0.047736
v 0.140136 0.770996 -0.093636
v 0.203447 0.730296 -0.135939
v 0.258938 0.675525 -0.173017
v 0.304480 0.608785 -0.203447
v 0.338320 0.532643 -0.226058
v 0.359158 0.450024 -0.239982
v 0.366194 0.364101 -0.244684
v 0.359158 0.278181 -0.239982
v 0.338320 0.195561 -0.226058
v 0.304480 0.119419 -0.203447
v 0.258938 0.052679 -0.173017
v 0.203447 -0.002093 -0.135939
v 0.140136 -0.042791 -0.093636
v 0.071441 -0.067854 -0.047736
v 0.000000 0.804520 -0.000000
v 0.079381 0.796059 -0.032880
v 0.155711 0.770996 -0.064498
v 0.226058 0.730296 -0.093636
v 0.287717 0.675525 -0.119176
v 0.338320 0.608785 -0.140137
v 0.375921 0.532643 -0.155711
v 0.399074 0.450024 -0.165302
v 0.406893 0.364101 -0.168540
v 0.399074 0.278181 -0.165302
v 0.375921 0.195561 -0.155711
v 0.338320 0.119419 -0.140137
v 0.287717 0.052679 -0.119176
v 0.226058 -0.002093 -0.093636
v 0.155711 -0.042791 -0.064498
v 0.079381 -0.067854 -0.032880
v 0.084270 0.796059 -0.016763
v 0.165302 0.770996 -0.032880
v 0.239982 0.730296 -0.047736
v 0.305438 0.675525 -0.060756
v 0.359158 0.608785 -0.071442
v 0.399074 0.532643 -0.079381
v 0.423656 0.450024 -0.084270
v 0.431956 0.364101 -0.085921
v 0.423656 0.278181 -0.084270
v 0.399074 0.195561 -0.079381
v 0.359158 0.119419 -0.071441
v 0.305438 0.052679 -0.060756
v 0.239982 -0.002093 -0.047736
v 0.165302 -0.042791 -0.032880
v 0.084270 -0.067854 -0.016763
v 0.085921 0.796059 -0.000000
v 0.168540 0.770996 -0.000000
v 0.244684 0.730296 -0.000000
v 0.311423 0.675525 -0.000000
v 0.366194 0.608785 -0.000000
v 0.406893 0.532643 -0.000000
v 0.431956 0.450024 -0.000000
v 0.440419 0.364101 -0.000000
v 0.431956 0.278181 -0.000000
v 0.406893 0.195561 -0.000000
v 0.366194 0.119419 -0.000000
v 0.311423 0.052679 -0.000000
v 0.244684 -0.002093 0.000000
v 0.168540 -0.042791 0.000000
v 0.085921 -0.067854 0.000000
v 0.084270 0.796059 0.016763
v 0.165302 0.770996 0.032880
v 0.239982 0.730296 0.047736
v 0.305438 0.675525 0.060756
v 0.359158 0.608785 0.071441
v 0.399074 0.532643 0.079381
v 0.423656 0.450024 0.084271
v 0.431956 0.364101 0.085921
v 0.423656 0.278181 0.084271
v 0.399074 0.195561 0.079381
v 0.359158 0.119419 0.071441
v 0.305438 0.052680 0.060756
v 0.239982 -0.002093 0.047736
v 0.165302 -0.042791 0.032880
v 0.084270 -0.067854 0.016763
v 0.079381 0.796059 0.032880
v 0.155711 0.770996 0.064498
v 0.226058 0.730296 0.093636
v 0.287717 0.675525 0.119176
v 0.338320 0.608785 0.140136
v 0.375921 0.532643 0.155711
v 0.399074 0.450024 0.165302
v 0.406893 0.364101 0.168540
v 0.399074 0.278181 0.165302
v 0.375921 0.195561 0.155711
v 0.338320 0.119419 0.140136
v 0.287717 0.052680 0.119176
v 0.226058 -0.002093 0.093636
v 0.155711 -0.042791 0.064498
v 0.079381 -0.067854 0.032880
v 0.071441 0.796059 0.047736
v 0.140136 0.770996 0.093636
v 0.203447 0.730296 0.135939
v 0.258938 0.675525 0.173017
v 0.304480 0.608785 0.203447
v 0.338320 0.532643 0.226058
v 0.359158 0.450024 0.239982
v 0.366194 0.364102 0.244684
v 0.359158 0.278181 0.239982
v 0.338320 0.195561 0.226058
v 0.304480 0.119419 0.203447
v 0.258938 0.052680 0.173017
v 0.203447 -0.002093 0.135939
v 0.140136 -0.042791 0.093636
v 0.071441 -0.067854 0.047736
v 0.060756 0.796059 0.060756
v 0.119176 0.770996 0.119176
v 0.173017 0.730296 0.173017
v 0.220210 0.675525 0.220210
v 0.258938 0.608785 0.258938
v 0.287717 0.532643 0.287717
v 0.305438 0.450024 0.305438
v 0.311423 0.364102 0.311422
v 0.305438 0.278181 0.305438
v 0.287717 0.195561 0.287717
v 0.258938 0.119419 0.258938
v 0.220210 0.052680 0.220210
v 0.173017 -0.002093 0.173017
v 0.119176 -0.042791 0.119176
v 0.060756 -0.067854 0.060756
v 0.047736 0.796059 0.071441
v 0.093636 0.770996 0.140136
v 0.135939 0.730296 0.203447
v 0.173017 0.675525 0.258938
v 0.203447 0.608785 0.304480
v 0.226058 0.532643 0.338318
v 0.239982 0.450024 0.359158
v 0.244684 0.364102 0.366194
v 0.239982 0.278181 0.359158
v 0.226058 0.195561 0.338320
v 0.203447 0.119419 0.304480
v 0.173017 0.052680 0.258938
v 0.135939 -0.002093 0.203447
v 0.093636 -0.042791 0.140136
v 0.047736 -0.067854 0.071441
v 0.032880 0.796059 0.079381
v 0.064498 0.770996 0.155711
v 0.093636 0.730296 0.226058
v 0.119176 0.675525 0.287717
v 0.140136 0.608785 0.338318
v 0.155711 0.532643 0.375921
v 0.165302 0.450024 0.399074
v 0.168540 0.364102 0.406893
v 0.165302 0.278181 0.399074
v 0.155711 0.195561 0.375921
v 0.140136 0.119419 0.338320
v 0.119176 0.052680 0.287717
v 0.093636 -0.002093 0.226058
v 0.064498 -0.042791 0.155711
v 0.032880 -0.067854 0.079381
v 0.016763 0.796059 0.084269
v 0.032880 0.770996 0.165302
v 0.047736 0.730296 0.239982
v 0.060756 0.675525 0.305438
v 0.071441 0.608785 0.359158
v 0.079381 0.532643 0.399074
v 0.084270 0.450024 0.423656
v 0.085921 0.364102 0.431956
v 0.084270 0.278181 0.423656
v 0.079381 0.195561 0.399074
v 0.071441 0.119419 0.359158
v 0.060756 0.052680 0.305438
v 0.047736 -0.002093 0.239982
v 0.032880 -0.042791 0.165302
v 0.016763 -0.067854 0.084270
v 0.000000 0.796059 0.085921
v 0.000000 0.770996 0.168540
v 0.000000 0.730296 0.244684
v 0.000000 0.675525 0.311422
v 0.000000 0.608785 0.366194
v 0.000000 0.532643 0.406893
v 0.000000 0.450024 0.431956
v 0.000000 0.364102 0.440419
v 0.000000 0.278181 0.431956
v 0.000000 0.195561 0.406893
v 0.000000 0.119419 0.366194
v 0.000000 0.052680 0.311422
v 0.000000 -0.002093 0.244684
v 0.000000 -0.042791 0.168540
v 0.000000 -0.067854 0.085921
v -0.016763 0.796059 0.084269
v -0.032880 0.770996 0.165302
v -0.047736 0.730296 0.239982
v -0.060756 0.675525 0.305438
v -0.071441 0.608785 0.359158
v -0.079381 0.532643 0.399074
v -0.084271 0.450024 0.423656
v -0.085921 0.364102 0.431956
v -0.084271 0.278181 0.423656
v -0.079381 0.195561 0.399074
v -0.071441 0.119419 0.359158
v -0.060756 0.052680 0.305438
v -0.047736 -0.002093 0.239982
v -0.032880 -0.042791 0.165302
v -0.016763 -0.067854 0.084270
v -0.032880 0.796059 0.079381
v -0.064498 0.770996 0.155711
v -0.093636 0.730296 0.226058
v -0.119176 0.675525 0.287717
v -0.140136 0.608785 0.338318
v -0.155711 0.532643 0.375920
v -0.165302 0.450024 0.399074
v -0.168540 0.364102 0.406893
v -0.165302 0.278181 0.399074
v -0.155711 0.195561 0.375920
v -0.140136 0.119419 0.338320
v -0.119176 0.052680 0.287717
v -0.093636 -0.002093 0.226058
v -0.064498 -0.042791 0.155711
v -0.032880 -0.067854 0.079381
v -0.047736 0.796059 0.071441
v -0.093636 0.770996 0.140136
v -0.135939 0.730296 0.203447
v -0.173017 0.675525 0.258938
v -0.203447 0.608785 0.304480
v -0.226058 0.532643 0.338318
v -0.239982 0.450024 0.359158
v -0.244684 0.364102 0.366194
v -0.239982 0.278181 0.359158
v -0.226058 0.195561 0.338320
v -0.203447 0.119419 0.304480
v -0.173017 0.052680 0.258938
v -0.135939 -0.002093 0.203447
v -0.093636 -0.042791 0.140136
v -0.047736 -0.067854 0.071441
v -0.060756 0.796059 0.060756
v -0.119176 0.770996 0.119176
v -0.173017 0.730296 0.173017
v -0.220210 0.675525 0.220209
v -0.258938 0.608785 0.258938
v -0.287717 0.532643 0.287717
v -0.305438 0.450024 0.305438
v -0.311423 0.364102 0.311422
v -0.305438 0.278181 0.305438
v -0.287717 0.195561 0.287717
v -0.258938 0.119419 0.258938
v -0.220210 0.052680 0.220209
v -0.173017 -0.002093 0.173017
v -0.119176 -0.042791 0.119176
v -0.060756 -0.067854 0.060756
v 0.000000 -0.076316 0.000000
v -0.071441 0.796059 0.047736
v -0.140136 0.770996 0.093636
v -0.203447 0.730296 0.135939
v -0.258938 0.675525 0.173017
v -0.304480 0.608785 0.203447
v -0.338320 0.532643 0.226058
v -0.359158 0.450024 0.239982
v -0.366194 0.364102 0.244684
v -0.359158 0.278181 0.239982
v -0.338320 0.195561 0.226058
v -0.304480 0.119419 0.203447
v -0.258938 0.052680 0.173017
v -0.203447 -0.002093 0.135939
v -0.140136 -0.042791 0.093636
v -0.071441 -0.067854 0.047736
v -0.079381 0.796059 0.032880
v -0.155711 0.770996 0.064498
v -0.226058 0.730296 0.093636
v -0.287717 0.675525 0.119176
v -0.338320 0.608785 0.140136
v -0.375920 0.532643 0.155711
v -0.399074 0.450024 0.165302
v -0.406893 0.364101 0.168540
v -0.399074 0.278181 0.165302
v -0.375920 0.195561 0.155711
v -0.338320 0.119419 0.140136
v -0.287717 0.052680 0.119176
v -0.226058 -0.002093 0.093636
v -0.155711 -0.042791 0.064498
v -0.079381 -0.067854 0.032880
v -0.084270 0.796059 0.016763
v -0.165302 0.770996 0.032880
v -0.239982 0.730296 0.047736
v -0.305438 0.675525 0.060756
v -0.359158 0.608785 0.071440
v -0.399074 0.532643 0.079381
v -0.423656 0.450024 0.084270
v -0.431956 0.364101 0.085921
v -0.423656 0.278181 0.084270
v -0.399074 0.195561 0.079381
v -0.359158 0.119419 0.071440
v -0.305438 0.052680 0.060756
v -0.239982 -0.002093 0.047736
v -0.165302 -0.042791 0.032880
v -0.084270 -0.067854 0.016763
v -0.085921 0.796059 -0.000000
v -0.168540 0.770996 -0.000000
v -0.244684 0.730296 -0.000000
v -0.311423 0.675525 -0.000000
v -0.366194 0.608785 -0.000000
v -0.406893 0.532643 -0.000000
v -0.431956 0.450024 -0.000000
v -0.440419 0.364101 -0.000000
v -0.431956 0.278181 -0.000000
v -0.406893 0.195561 -0.000000
v -0.366194 0.119419 -0.000000
v -0.311423 0.052679 -0.000000
v -0.244684 -0.002093 0.000000
v -0.168540 -0.042791 0.000000
v -0.085921 -0.067854 0.000000
v -0.084270 0.796059 -0.016763
v -0.165302 0.770996 -0.032880
v -0.239982 0.730296 -0.047736
v -0.305438 0.675525 -0.060756
v -0.359158 0.608785 -0.071442
v -0.399074 0.532643 -0.079381
v -0.423656 0.450024 -0.084271
v -0.431955 0.364101 -0.085921
v -0.423656 0.278181 -0.084271
v -0.399074 0.195561 -0.079381
v -0.359158 0.119419 -0.071441
v -0.305438 0.052679 -0.060756
v -0.239982 -0.002093 -0.047736
v -0.165302 -0.042791 -0.032880
v -0.084270 -0.067854 -0.016763
v -0.079381 0.796059 -0.032880
v -0.155711 0.770996 -0.064498
v -0.226058 0.730296 -0.093636
v -0.287717 0.675525 -0.119176
v -0.338320 0.608785 -0.140137
v -0.375920 0.532643 -0.155711
v -0.399074 0.450024 -0.165302
v -0.406893 0.364101 -0.168540
v -0.399074 0.278181 -0.165302
v -0.375920 0.195561 -0.155711
v -0.338320 0.119419 -0.140137
v -0.287717 0.052679 -0.119176
v -0.226058 -0.002093 -0.093636
v -0.155711 -0.042791 -0.064498
v -0.079381 -0.067854 -0.032880
v -0.071440 0.796059 -0.047736
v -0.140136 0.770996 -0.093636
v -0.203446 0.730296 -0.135939
v -0.258938 0.675525 -0.173017
v -0.304480 0.608785 -0.203447
v -0.338320 0.532643 -0.226058
v -0.359158 0.450024 -0.239982
v -0.366193 0.364101 -0.244684
v -0.359158 0.278181 -0.239982
v -0.338320 0.195561 -0.226058
v -0.304480 0.119419 -0.203447
v -0.258938 0.052679 -0.173017
v -0.203446 -0.002093 -0.135939
v -0.140136 -0.042791 -0.093636
v -0.071440 -0.067854 -0.047736
v -0.060756 0.796059 -0.060756
v -0.119176 0.770996 -0.119176
v -0.173017 0.730296 -0.173018
v -0.220209 0.675525 -0.220209
v -0.258938 0.608785 -0.258938
v -0.287717 0.532643 -0.287717
v -0.305438 0.450024 -0.305438
v -0.311423 0.364101 -0.311423
v -0.305438 0.278181 -0.305438
v -0.287717 0.195561 -0.287717
v -0.258938 0.119419 -0.258938
v -0.220209 0.052679 -0.220209
v -0.173017 -0.002093 -0.173017
v -0.119176 -0.042791 -0.119176
v -0.060756 -0.067854 -0.060756
v -0.047736 0.796059 -0.071442
v -0.093636 0.770996 -0.140137
v -0.135939 0.730296 -0.203447
v -0.173017 0.675525 -0.258938
v -0.203446 0.608785 -0.304480
v -0.226058 0.532643 -0.338320
v -0.239982 0.450024 -0.359158
v -0.244684 0.364101 -0.366195
v -0.239982 0.278181 -0.359158
v -0.226058 0.195561 -0.338320
v -0.203446 0.119419 -0.304480
v -0.173017 0.052679 -0.258938
v -0.135939 -0.002093 -0.203447
v -0.093636 -0.042791 -0.140137
v -0.047736 -0.067854 -0.071441
v -0.032880 0.796059 -0.079381
v -0.064498 0.770996 -0.155711
v -0.093636 0.730296 -0.226058
v -0.119176 0.675525 -0.287717
v -0.140136 0.608785 -0.338320
v -0.155711 0.532643 -0.375920
v -0.165302 0.450024 -0.399075
v -0.168540 0.364101 -0.406893
v -0.165302 0.278181 -0.399075
v -0.155711 0.195561 -0.375920
v -0.140136 0.119419 -0.338320
v -0.119176 0.052679 -0.287717
v -0.093636 -0.002093 -0.226058
v -0.064498 -0.042791 -0.155711
v -0.032880 -0.067854 -0.079381
v -0.016763 0.796059 -0.084270
v -0.032880 0.770996 -0.165302
v -0.047735 0.730296 -0.239982
v -0.060756 0.675525 -0.305439
v -0.071440 0.608785 -0.359158
v -0.079381 0.532643 -0.399075
v -0.084270 0.450024 -0.423656
v -0.085921 0.364101 -0.431956
v -0.084270 0.278181 -0.423656
v -0.079381 0.195561 -0.399074
v -0.071440 0.119419 -0.359158
v -0.060756 0.052679 -0.305438
v -0.047735 -0.002093 -0.239982
v -0.032880 -0.042791 -0.165302
v -0.016763 -0.067854 -0.084270
v 0.000000 0.796059 -0.085921
v 0.000000 0.770996 -0.168541
v 0.000000 0.675525 -0.311423
v 0.000000 0.532643 -0.406893
v 0.000000 0.195561 -0.406893
v 0.000000 0.052679 -0.311423
v 0.000000 -0.002093 -0.244684
v 0.000000 -0.042791 -0.168540
v 0.000000 -0.067854 -0.085921
v -0.504269 -0.315642 -0.074912
v -0.484199 0.057551 -0.062603
v -0.490637 -0.316430 -0.073255
v -0.470567 0.056763 -0.060946
v -0.477598 -0.317270 -0.069020
v -0.457528 0.055922 -0.056712
v -0.465654 -0.318133 -0.062369
v -0.445584 0.055060 -0.050059
v -0.455262 -0.318981 -0.053557
v -0.435193 0.054210 -0.041248
v -0.446824 -0.319787 -0.042924
v -0.426755 0.053406 -0.030615
v -0.440663 -0.320515 -0.030878
v -0.420593 0.052677 -0.018569
v -0.437015 -0.321139 -0.017882
v -0.416945 0.052053 -0.005573
v -0.436022 -0.321637 -0.004435
v -0.415952 0.051556 0.007875
v -0.437720 -0.321986 0.008945
v -0.417650 0.051205 0.021254
v -0.442045 -0.322177 0.021746
v -0.421975 0.051016 0.034056
v -0.448830 -0.322197 0.033475
v -0.428762 0.050993 0.045784
v -0.457818 -0.322052 0.043681
v -0.437748 0.051140 0.055989
v -0.468658 -0.321742 0.051970
v -0.448588 0.051451 0.064280
v -0.480937 -0.321282 0.058027
v -0.460867 0.051911 0.070336
v -0.494180 -0.320687 0.061618
v -0.474110 0.052505 0.073926
v -0.507883 -0.319984 0.062603
v -0.487813 0.053209 0.074913
v -0.521515 -0.319196 0.060946
v -0.501444 0.053997 0.073255
v -0.534553 -0.318355 0.056712
v -0.514483 0.054837 0.069020
v -0.546498 -0.317493 0.050059
v -0.526427 0.055699 0.062369
v -0.556888 -0.316644 0.041248
v -0.536820 0.056548 0.053557
v -0.565326 -0.315839 0.030616
v -0.545258 0.057354 0.042924
v -0.571489 -0.315111 0.018569
v -0.551418 0.058082 0.030879
v -0.575137 -0.314486 0.005573
v -0.555066 0.058707 0.017883
v -0.576129 -0.313989 -0.007875
v -0.556059 0.059204 0.004435
v -0.574432 -0.313638 -0.021254
v -0.554361 0.059554 -0.008946
v -0.570105 -0.313449 -0.034055
v -0.550035 0.059744 -0.021746
v -0.563320 -0.313427 -0.045784
v -0.543250 0.059764 -0.033475
v -0.554334 -0.313573 -0.055989
v -0.534264 0.059619 -0.043681
v -0.543494 -0.313882 -0.064280
v -0.523423 0.059309 -0.051970
v -0.531215 -0.314344 -0.070336
v -0.511146 0.058849 -0.058027
v -0.517971 -0.314938 -0.073926
v -0.497901 0.058254 -0.061618
v 0.000000 -0.669826 -0.466367
v 0.000000 0.262910 -0.343176
v 0.090984 -0.669826 -0.457406
v 0.066951 0.262910 -0.336583
v 0.178471 -0.669826 -0.430867
v 0.131328 0.262910 -0.317054
v 0.259100 -0.669826 -0.387770
v 0.190658 0.262910 -0.285341
v 0.329771 -0.669826 -0.329771
v 0.242661 0.262910 -0.242663
v 0.387770 -0.669826 -0.259100
v 0.285341 0.262910 -0.190658
v 0.430867 -0.669826 -0.178471
v 0.317052 0.262910 -0.131328
v 0.457406 -0.669826 -0.090984
v 0.336581 0.262910 -0.066951
v 0.466367 -0.669824 0.000000
v 0.343176 0.262910 -0.000000
v 0.457406 -0.669824 0.090984
v 0.336581 0.262910 0.066951
v 0.430867 -0.669824 0.178471
v 0.317052 0.262910 0.131328
v 0.387770 -0.669824 0.259100
v 0.285341 0.262910 0.190658
v 0.329771 -0.669824 0.329772
v 0.242661 0.262910 0.242661
v 0.259100 -0.669824 0.387770
v 0.190658 0.262910 0.285341
v 0.178471 -0.669824 0.430867
v 0.131328 0.262910 0.317052
v 0.090984 -0.669824 0.457406
v 0.066951 0.262910 0.336581
v 0.000000 -0.669824 0.466367
v 0.000000 0.262910 0.343176
v -0.090984 -0.669824 0.457406
v -0.066951 0.262910 0.336581
v -0.178471 -0.669824 0.430867
v -0.131328 0.262910 0.317052
v -0.259100 -0.669824 0.387770
v -0.190658 0.262910 0.285341
v -0.329771 -0.669824 0.329772
v -0.242661 0.262910 0.242661
v -0.387770 -0.669824 0.259100
v -0.285341 0.262910 0.190658
v -0.430867 -0.669824 0.178471
v -0.317052 0.262910 0.131328
v -0.457406 -0.669824 0.090984
v -0.336581 0.262910 0.066951
v -0.466367 -0.669824 0.000000
v -0.343176 0.262910 -0.000000
v -0.457406 -0.669826 -0.090984
v -0.336581 0.262910 -0.066951
v -0.430867 -0.669826 -0.178471
v -0.317052 0.262910 -0.131328
v -0.387770 -0.669826 -0.259100
v -0.285341 0.262910 -0.190658
v -0.329771 -0.669826 -0.329771
v -0.242661 0.262910 -0.242663
v -0.259100 -0.669826 -0.387770
v -0.190658 0.262910 -0.285341
v -0.178471 -0.669826 -0.430867
v -0.131328 0.262910 -0.317054
v -0.090984 -0.669826 -0.457406
v -0.066951 0.262910 -0.336583
v -0.016763 0.796059 -0.084270
v -0.032880 0.770996 -0.165302
v -0.047736 0.730296 -0.239982
v -0.060756 0.675525 -0.305439
v -0.071441 0.608785 -0.359158
v -0.079381 0.532643 -0.399075
v -0.084270 0.450024 -0.423656
v -0.085921 0.364101 -0.431956
v -0.084270 0.278181 -0.423656
v -0.079381 0.195561 -0.399074
v -0.071441 0.119419 -0.359158
v -0.060756 0.052679 -0.305438
v -0.047736 -0.002093 -0.239982
v -0.032880 -0.042791 -0.165302
v -0.016763 -0.067854 -0.084270
v -0.032880 0.796059 -0.079381
v -0.064498 0.770996 -0.155711
v -0.093636 0.730296 -0.226058
v -0.119176 0.675525 -0.287717
v -0.140136 0.608785 -0.338320
v -0.155711 0.532643 -0.375921
v -0.165302 0.450024 -0.399075
v -0.168540 0.364101 -0.406893
v -0.165302 0.278181 -0.399075
v -0.155711 0.195561 -0.375921
v -0.140136 0.119419 -0.338320
v -0.119176 0.052679 -0.287717
v -0.093636 -0.002093 -0.226058
v -0.064498 -0.042791 -0.155711
v -0.032880 -0.067854 -0.079381
v -0.047736 0.796059 -0.071442
v -0.093636 0.770996 -0.140137
v -0.135939 0.730296 -0.203447
v -0.173017 0.675525 -0.258940
v -0.203447 0.608785 -0.304480
v -0.226058 0.532643 -0.338320
v -0.239982 0.450024 -0.359158
v -0.244684 0.364101 -0.366195
v -0.239982 0.278181 -0.359158
v -0.226058 0.195561 -0.338320
v -0.203447 0.119419 -0.304480
v -0.173017 0.052679 -0.258938
v -0.135939 -0.002093 -0.203447
v -0.093636 -0.042791 -0.140137
v -0.047736 -0.067854 -0.071441
v -0.060756 0.796059 -0.060756
v -0.119176 0.770996 -0.119176
v -0.173017 0.730296 -0.173018
v -0.220210 0.675525 -0.220210
v -0.258938 0.608785 -0.258938
v -0.287717 0.532643 -0.287717
v -0.305438 0.450024 -0.305438
v -0.311423 0.364101 -0.311423
v -0.305438 0.278181 -0.305438
v -0.287717 0.195561 -0.287717
v -0.258938 0.119419 -0.258938
v -0.220210 0.052679 -0.220210
v -0.173017 -0.002093 -0.173017
v -0.119176 -0.042791 -0.119176
v -0.060756 -0.067854 -0.060756
v -0.071441 0.796059 -0.047736
v -0.140136 0.770996 -0.093636
v -0.203447 0.730296 -0.135939
v -0.258938 0.675525 -0.173017
v -0.304480 0.608785 -0.203447
v -0.338320 0.532643 -0.226058
v -0.359158 0.450024 -0.239982
v -0.366194 0.364101 -0.244684
v -0.359158 0.278181 -0.239982
v -0.338320 0.195561 -0.226058
v -0.304480 0.119419 -0.203447
v -0.258938 0.052679 -0.173017
v -0.203447 -0.002093 -0.135939
v -0.140136 -0.042791 -0.093636
v -0.071441 -0.067854 -0.047736
v -0.079381 0.796059 -0.032880
v -0.155711 0.770996 -0.064498
v -0.226058 0.730296 -0.093636
v -0.287717 0.675525 -0.119176
v -0.338320 0.608785 -0.140137
v -0.375921 0.532643 -0.155711
v -0.399074 0.450024 -0.165302
v -0.406893 0.364101 -0.168540
v -0.399074 0.278181 -0.165302
v -0.375921 0.195561 -0.155711
v -0.338320 0.119419 -0.140137
v -0.287717 0.052679 -0.119176
v -0.226058 -0.002093 -0.093636
v -0.155711 -0.042791 -0.064498
v -0.079381 -0.067854 -0.032880
v -0.084270 0.796059 -0.016763
v -0.165302 0.770996 -0.032880
v -0.239982 0.730296 -0.047736
v -0.305438 0.675525 -0.060756
v -0.359158 0.608785 -0.071442
v -0.399074 0.532643 -0.079381
v -0.423656 0.450024 -0.084270
v -0.431956 0.364101 -0.085921
v -0.423656 0.278181 -0.084270
v -0.399074 0.195561 -0.079381
v -0.359158 0.119419 -0.071441
v -0.305438 0.052679 -0.060756
v -0.239982 -0.002093 -0.047736
v -0.165302 -0.042791 -0.032880
v -0.084270 -0.067854 -0.016763
v -0.085921 0.796059 -0.000000
v -0.168540 0.770996 -0.000000
v -0.244684 0.730296 -0.000000
v -0.311423 0.675525 -0.000000
v -0.366194 0.608785 -0.000000
v -0.406893 0.532643 -0.000000
v -0.431956 0.450024 -0.000000
v -0.440419 0.364101 -0.000000
v -0.431956 0.278181 -0.000000
v -0.406893 0.195561 -0.000000
v -0.366194 0.119419 -0.000000
v -0.311423 0.052679 -0.000000
v -0.244684 -0.002093 0.000000
v -0.168540 -0.042791 0.000000
v -0.085921 -0.067854 0.000000
v -0.084270 0.796059 0.016763
v -0.165302 0.770996 0.032880
v -0.239982 0.730296 0.047736
v -0.305438 0.675525 0.060756
v -0.359158 0.608785 0.071441
v -0.399074 0.532643 0.079381
v -0.423656 0.450024 0.084271
v -0.431956 0.364101 0.085921
v -0.423656 0.278181 0.084271
v -0.399074 0.195561 0.079381
v -0.359158 0.119419 0.071441
v -0.305438 0.052680 0.060756
v -0.239982 -0.002093 0.047736
v -0.165302 -0.042791 0.032880
v -0.084270 -0.067854 0.016763
v -0.079381 0.796059 0.032880
v -0.155711 0.770996 0.064498
v -0.226058 0.730296 0.093636
v -0.287717 0.675525 0.119176
v -0.338320 0.608785 0.140136
v -0.375921 0.532643 0.155711
v -0.399074 0.450024 0.165302
v -0.406893 0.364101 0.168540
v -0.399074 0.278181 0.165302
v -0.375921 0.195561 0.155711
v -0.338320 0.119419 0.140136
v -0.287717 0.052680 0.119176
v -0.226058 -0.002093 0.093636
v -0.155711 -0.042791 0.064498
v -0.079381 -0.067854 0.032880
v -0.071441 0.796059 0.047736
v -0.140136 0.770996 0.093636
v -0.203447 0.730296 0.135939
v -0.258938 0.675525 0.173017
v -0.304480 0.608785 0.203447
v -0.338320 0.532643 0.226058
v -0.359158 0.450024 0.239982
v -0.366194 0.364102 0.244684
v -0.359158 0.278181 0.239982
v -0.338320 0.195561 0.226058
v -0.304480 0.119419 0.203447
v -0.258938 0.052680 0.173017
v -0.203447 -0.002093 0.135939
v -0.140136 -0.042791 0.093636
v -0.071441 -0.067854 0.047736
v -0.060756 0.796059 0.060756
v -0.119176 0.770996 0.119176
v -0.173017 0.730296 0.173017
v -0.220210 0.675525 0.220210
v -0.258938 0.608785 0.258938
v -0.287717 0.532643 0.287717
v -0.305438 0.450024 0.305438
v -0.311423 0.364102 0.311422
v -0.305438 0.278181 0.305438
v -0.287717 0.195561 0.287717
v -0.258938 0.119419 0.258938
v -0.220210 0.052680 0.220210
v -0.173017 -0.002093 0.173017
v -0.119176 -0.042791 0.119176
v -0.060756 -0.067854 0.060756
v -0.047736 0.796059 0.071441
v -0.093636 0.770996 0.140136
v -0.135939 0.730296 0.203447
v -0.173017 0.675525 0.258938
v -0.203447 0.608785 0.304480
v -0.226058 0.532643 0.338318
v -0.239982 0.450024 0.359158
v -0.244684 0.364102 0.366194
v -0.239982 0.278181 0.359158
v -0.226058 0.195561 0.338320
v -0.203447 0.119419 0.304480
v -0.173017 0.052680 0.258938
v -0.135939 -0.002093 0.203447
v -0.093636 -0.042791 0.140136
v -0.047736 -0.067854 0.071441
v -0.032880 0.796059 0.079381
v -0.064498 0.770996 0.155711
v -0.093636 0.730296 0.226058
v -0.119176 0.675525 0.287717
v -0.140136 0.608785 0.338318
v -0.155711 0.532643 0.375921
v -0.165302 0.450024 0.399074
v -0.168540 0.364102 0.406893
v -0.165302 0.278181 0.399074
v -0.155711 0.195561 0.375921
v -0.140136 0.119419 0.338320
v -0.119176 0.052680 0.287717
v -0.093636 -0.002093 0.226058
v -0.064498 -0.042791 0.155711
v -0.032880 -0.067854 0.079381
v -0.016763 0.796059 0.084269
v -0.032880 0.770996 0.165302
v -0.047736 0.730296 0.239982
v -0.060756 0.675525 0.305438
v -0.071441 0.608785 0.359158
v -0.079381 0.532643 0.399074
v -0.084270 0.450024 0.423656
v -0.085921 0.364102 0.431956
v -0.084270 0.278181 0.423656
v -0.079381 0.195561 0.399074
v -0.071441 0.119419 0.359158
v -0.060756 0.052680 0.305438
v -0.047736 -0.002093 0.239982
v -0.032880 -0.042791 0.165302
v -0.016763 -0.067854 0.084270
v 0.016763 0.796059 0.084269
v 0.032880 0.770996 0.165302
v 0.047736 0.730296 0.239982
v 0.060756 0.675525 0.305438
v 0.071441 0.608785 0.359158
v 0.079381 0.532643 0.399074
v 0.084271 0.450024 0.423656
v 0.085921 0.364102 0.431956
v 0.084271 0.278181 0.423656
v 0.079381 0.195561 0.399074
v 0.071441 0.119419 0.359158
v 0.060756 0.052680 0.305438
v 0.047736 -0.002093 0.239982
v 0.032880 -0.042791 0.165302
v 0.016763 -0.067854 0.084270
v 0.032880 0.796059 0.079381
v 0.064498 0.770996 0.155711
v 0.093636 0.730296 0.226058
v 0.119176 0.675525 0.287717
v 0.140136 0.608785 0.338318
v 0.155711 0.532643 0.375920
v 0.165302 0.450024 0.399074
v 0.168540 0.364102 0.406893
v 0.165302 0.278181 0.399074
v 0.155711 0.195561 0.375920
v 0.140136 0.119419 0.338320
v 0.119176 0.052680 0.287717
v 0.093636 -0.002093 0.226058
v 0.064498 -0.042791 0.155711
v 0.032880 -0.067854 0.079381
v 0.047736 0.796059 0.071441
v 0.093636 0.770996 0.140136
v 0.135939 0.730296 0.203447
v 0.173017 0.675525 0.258938
v 0.203447 0.608785 0.304480
v 0.226058 0.532643 0.338318
v 0.239982 0.450024 0.359158
v 0.244684 0.364102 0.366194
v 0.239982 0.278181 0.359158
v 0.226058 0.195561 0.338320
v 0.203447 0.119419 0.304480
v 0.173017 0.052680 0.258938
v 0.135939 -0.002093 0.203447
v 0.093636 -0.042791 0.140136
v 0.047736 -0.067854 0.071441
v 0.060756 0.796059 0.060756
v 0.119176 0.770996 0.119176
v 0.173017 0.730296 0.173017
v 0.220210 0.675525 0.220209
v 0.258938 0.608785 0.258938
v 0.287717 0.532643 0.287717
v 0.305438 0.450024 0.305438
v 0.311423 0.364102 0.311422
v 0.305438 0.278181 0.305438
v 0.287717 0.195561 0.287717
v 0.258938 0.119419 0.258938
v 0.220210 0.052680 0.220209
v 0.173017 -0.002093 0.173017
v 0.119176 -0.042791 0.119176
v 0.060756 -0.067854 0.060756
v 0.071441 0.796059 0.047736
v 0.140136 0.770996 0.093636
v 0.203447 0.730296 0.135939
v 0.258938 0.675525 0.173017
v 0.304480 0.608785 0.203447
v 0.338320 0.532643 0.226058
v 0.359158 0.450024 0.239982
v 0.366194 0.364102 0.244684
v 0.359158 0.278181 0.239982
v 0.338320 0.195561 0.226058
v 0.304480 0.119419 0.203447
v 0.258938 0.052680 0.173017
v 0.203447 -0.002093 0.135939
v 0.140136 -0.042791 0.093636
v 0.071441 -0.067854 0.047736
v 0.079381 0.796059 0.032880
v 0.155711 0.770996 0.064498
v 0.226058 0.730296 0.093636
v 0.287717 0.675525 0.119176
v 0.338320 0.608785 0.140136
v 0.375920 0.532643 0.155711
v 0.399074 0.450024 0.165302
v 0.406893 0.364101 0.168540
v 0.399074 0.278181 0.165302
v 0.375920 0.195561 0.155711
v 0.338320 0.119419 0.140136
v 0.287717 0.052680 0.119176
v 0.226058 -0.002093 0.093636
v 0.155711 -0.042791 0.064498
v 0.079381 -0.067854 0.032880
v 0.084270 0.796059 0.016763
v 0.165302 0.770996 0.032880
v 0.239982 0.730296 0.047736
v 0.305438 0.675525 0.060756
v 0.359158 0.608785 0.071440
v 0.399074 0.532643 0.079381
v 0.423656 0.450024 0.084270
v 0.431956 0.364101 0.085921
v 0.423656 0.278181 0.084270
v 0.399074 0.195561 0.079381
v 0.359158 0.119419 0.071440
v 0.305438 0.052680 0.060756
v 0.239982 -0.002093 0.047736
v 0.165302 -0.042791 0.032880
v 0.084270 -0.067854 0.016763
v 0.085921 0.796059 -0.000000
v 0.168540 0.770996 -0.000000
v 0.244684 0.730296 -0.000000
v 0.311423 0.675525 -0.000000
v 0.366194 0.608785 -0.000000
v 0.406893 0.532643 -0.000000
v 0.431956 0.450024 -0.000000
v 0.440419 0.364101 -0.000000
v 0.431956 0.278181 -0.000000
v 0.406893 0.195561 -0.000000
v 0.366194 0.119419 -0.000000
v 0.311423 0.052679 -0.000000
v 0.244684 -0.002093 0.000000
v 0.168540 -0.042791 0.000000
v 0.085921 -0.067854 0.000000
v 0.084270 0.796059 -0.016763
v 0.165302 0.770996 -0.032880
v 0.239982 0.730296 -0.047736
v 0.305438 0.675525 -0.060756
v 0.359158 0.608785 -0.071442
v 0.399074 0.532643 -0.079381
v 0.423656 0.450024 -0.084271
v 0.431955 0.364101 -0.085921
v 0.423656 0.278181 -0.084271
v 0.399074 0.195561 -0.079381
v 0.359158 0.119419 -0.071441
v 0.305438 0.052679 -0.060756
v 0.239982 -0.002093 -0.047736
v 0.165302 -0.042791 -0.032880
v 0.084270 -0.067854 -0.016763
v 0.079381 0.796059 -0.032880
v 0.155711 0.770996 -0.064498
v 0.226058 0.730296 -0.093636
v 0.287717 0.675525 -0.119176
v 0.338320 0.608785 -0.140137
v 0.375920 0.532643 -0.155711
v 0.399074 0.450024 -0.165302
v 0.406893 0.364101 -0.168540
v 0.399074 0.278181 -0.165302
v 0.375920 0.195561 -0.155711
v 0.338320 0.119419 -0.140137
v 0.287717 0.052679 -0.119176
v 0.226058 -0.002093 -0.093636
v 0.155711 -0.042791 -0.064498
v 0.079381 -0.067854 -0.032880
v 0.071440 0.796059 -0.047736
v 0.140136 0.770996 -0.093636
v 0.203446 0.730296 -0.135939
v 0.258938 0.675525 -0.173017
v 0.304480 0.608785 -0.203447
v 0.338320 0.532643 -0.226058
v 0.359158 0.450024 -0.239982
v 0.366193 0.364101 -0.244684
v 0.359158 0.278181 -0.239982
v 0.338320 0.195561 -0.226058
v 0.304480 0.119419 -0.203447
v 0.258938 0.052679 -0.173017
v 0.203446 -0.002093 -0.135939
v 0.140136 -0.042791 -0.093636
v 0.071440 -0.067854 -0.047736
v 0.060756 0.796059 -0.060756
v 0.119176 0.770996 -0.119176
v 0.173017 0.730296 -0.173018
v 0.220209 0.675525 -0.220209
v 0.258938 0.608785 -0.258938
v 0.287717 0.532643 -0.287717
v 0.305438 0.450024 -0.305438
v 0.311423 0.364101 -0.311423
v 0.305438 0.278181 -0.305438
v 0.287717 0.195561 -0.287717
v 0.258938 0.119419 -0.258938
v 0.220209 0.052679 -0.220209
v 0.173017 -0.002093 -0.173017
v 0.119176 -0.042791 -0.119176
v 0.060756 -0.067854 -0.060756
v 0.047736 0.796059 -0.071442
v 0.093636 0.770996 -0.140137
v 0.135939 0.730296 -0.203447
v 0.173017 0.675525 -0.258938
v 0.203446 0.608785 -0.304480
v 0.226058 0.532643 -0.338320
v 0.239982 0.450024 -0.359158
v 0.244684 0.364101 -0.366195
v 0.239982 0.278181 -0.359158
v 0.226058 0.195561 -0.338320
v 0.203446 0.119419 -0.304480
v 0.173017 0.052679 -0.258938
v 0.135939 -0.002093 -0.203447
v 0.093636 -0.042791 -0.140137
v 0.047736 -0.067854 -0.071441
v 0.032880 0.796059 -0.079381
v 0.064498 0.770996 -0.155711
v 0.093636 0.730296 -0.226058
v 0.119176 0.675525 -0.287717
v 0.140136 0.608785 -0.338320
v 0.155711 0.532643 -0.375920
v 0.165302 0.450024 -0.399075
v 0.168540 0.364101 -0.406893
v 0.165302 0.278181 -0.399075
v 0.155711 0.195561 -0.375920
v 0.140136 0.119419 -0.338320
v 0.119176 0.052679 -0.287717
v 0.093636 -0.002093 -0.226058
v 0.064498 -0.042791 -0.155711
v 0.032880 -0.067854 -0.079381
v 0.016763 0.796059 -0.084270
v 0.032880 0.770996 -0.165302
v 0.047735 0.730296 -0.239982
v 0.060756 0.675525 -0.305439
v 0.071440 0.608785 -0.359158
v 0.079381 0.532643 -0.399075
v 0.084270 0.450024 -0.423656
v 0.085921 0.364101 -0.431956
v 0.084270 0.278181 -0.423656
v 0.079381 0.195561 -0.399074
v 0.071440 0.119419 -0.359158
v 0.060756 0.052679 -0.305438
v 0.047735 -0.002093 -0.239982
v 0.032880 -0.042791 -0.165302
v 0.016763 -0.067854 -0.084270
v 0.504269 -0.315642 -0.074912
v 0.484199 0.057551 -0.062603
v 0.490637 -0.316430 -0.073255
v 0.470567 0.056763 -0.060946
v 0.477598 -0.317270 -0.069020
v 0.457528 0.055922 -0.056712
v 0.465654 -0.318133 -0.062369
v 0.445584 0.055060 -0.050059
v 0.455262 -0.318981 -0.053557
v 0.435193 0.054210 -0.041248
v 0.446824 -0.319787 -0.042924
v 0.426755 0.053406 -0.030615
v 0.440663 -0.320515 -0.030878
v 0.420593 0.052677 -0.018569
v 0.437015 -0.321139 -0.017882
v 0.416945 0.052053 -0.005573
v 0.436022 -0.321637 -0.004435
v 0.415952 0.051556 0.007875
v 0.437720 -0.321986 0.008945
v 0.417650 0.051205 0.021254
v 0.442045 -0.322177 0.021746
v 0.421975 0.051016 0.034056
v 0.448830 -0.322197 0.033475
v 0.428762 0.050993 0.045784
v 0.457818 -0.322052 0.043681
v 0.437748 0.051140 0.055989
v 0.468658 -0.321742 0.051970
v 0.448588 0.051451 0.064280
v 0.480937 -0.321282 0.058027
v 0.460867 0.051911 0.070336
v 0.494180 -0.320687 0.061618
v 0.474110 0.052505 0.073926
v 0.507883 -0.319984 0.062603
v 0.487813 0.053209 0.074913
v 0.521515 -0.319196 0.060946
v 0.501444 0.053997 0.073255
v 0.534553 -0.318355 0.056712
v 0.514483 0.054837 0.069020
v 0.546498 -0.317493 0.050059
v 0.526427 0.055699 0.062369
v 0.556888 -0.316644 0.041248
v 0.536820 0.056548 0.053557
v 0.565326 -0.315839 0.030616
v 0.545258 0.057354 0.042924
v 0.571489 -0.315111 0.018569
v 0.551418 0.058082 0.030879
v 0.575137 -0.314486 0.005573
v 0.555066 0.058707 0.017883
v 0.576129 -0.313989 -0.007875
v 0.556059 0.059204 0.004435
v 0.574432 -0.313638 -0.021254
v 0.554361 0.059554 -0.008946
v 0.570105 -0.313449 -0.034055
v 0.550035 0.059744 -0.021746
v 0.563320 -0.313427 -0.045784
v 0.543250 0.059764 -0.033475
v 0.554334 -0.313573 -0.055989
v 0.534264 0.059619 -0.043681
v 0.543494 -0.313882 -0.064280
v 0.523423 0.059309 -0.051970
v 0.531215 -0.314344 -0.070336
v 0.511146 0.058849 -0.058027
v 0.517971 -0.314938 -0.073926
v 0.497901 0.058254 -0.061618
v -0.090984 -0.669826 -0.457406
v -0.066951 0.262910 -0.336583
v -0.178471 -0.669826 -0.430867
v -0.131328 0.262910 -0.317054
v -0.259100 -0.669826 -0.387770
v -0.190658 0.262910 -0.285341
v -0.329771 -0.669826 -0.329771
v -0.242661 0.262910 -0.242663
v -0.387770 -0.669826 -0.259100
v -0.285341 0.262910 -0.190658
v -0.430867 -0.669826 -0.178471
v -0.317052 0.262910 -0.131328
v -0.457406 -0.669826 -0.090984
v -0.336581 0.262910 -0.066951
v -0.466367 -0.669824 0.000000
v -0.343176 0.262910 -0.000000
v -0.457406 -0.669824 0.090984
v -0.336581 0.262910 0.066951
v -0.430867 -0.669824 0.178471
v -0.317052 0.262910 0.131328
v -0.387770 -0.669824 0.259100
v -0.285341 0.262910 0.190658
v -0.329771 -0.669824 0.329772
v -0.242661 0.262910 0.242661
v -0.259100 -0.669824 0.387770
v -0.190658 0.262910 0.285341
v -0.178471 -0.669824 0.430867
v -0.131328 0.262910 0.317052
v -0.090984 -0.669824 0.457406
v -0.066951 0.262910 0.336581
v 0.090984 -0.669824 0.457406
v 0.066951 0.262910 0.336581
v 0.178471 -0.669824 0.430867
v 0.131328 0.262910 0.317052
v 0.259100 -0.669824 0.387770
v 0.190658 0.262910 0.285341
v 0.329771 -0.669824 0.329772
v 0.242661 0.262910 0.242661
v 0.387770 -0.669824 0.259100
v 0.285341 0.262910 0.190658
v 0.430867 -0.669824 0.178471
v 0.317052 0.262910 0.131328
v 0.457406 -0.669824 0.090984
v 0.336581 0.262910 0.066951
v 0.466367 -0.669824 0.000000
v 0.343176 0.262910 -0.000000
v 0.457406 -0.669826 -0.090984
v 0.336581 0.262910 -0.066951
v 0.430867 -0.669826 -0.178471
v 0.317052 0.262910 -0.131328
v 0.387770 -0.669826 -0.259100
v 0.285341 0.262910 -0.190658
v 0.329771 -0.669826 -0.329771
v 0.242661 0.262910 -0.242663
v 0.259100 -0.669826 -0.387770
v 0.190658 0.262910 -0.285341
v 0.178471 -0.669826 -0.430867
v 0.131328 0.262910 -0.317054
v 0.090984 -0.669826 -0.457406
v 0.066951 0.262910 -0.336583
vn 0.0976 0.0976 -0.9904
vn 0.0976 0.0975 -0.9904
vn 0.0097 0.9951 -0.0980
vn 0.0097 -0.9951 -0.0980
vn 0.0976 -0.0976 -0.9904
vn 0.0286 0.9565 -0.2902
vn 0.0938 -0.2890 -0.9527
vn 0.0464 0.8810 -0.4709
vn 0.0865 -0.4696 -0.8786
vn 0.0624 0.7715 -0.6332
vn 0.0759 -0.6326 -0.7708
vn 0.0759 0.6326 -0.7708
vn 0.0624 -0.7715 -0.6332
vn 0.0865 0.4696 -0.8786
vn 0.0464 -0.8810 -0.4709
vn 0.0938 0.2890 -0.9527
vn 0.0286 -0.9565 -0.2902
vn 0.2779 0.2890 -0.9161
vn 0.0846 -0.9565 -0.2790
vn 0.2889 0.0975 -0.9524
vn 0.0286 0.9951 -0.0942
vn 0.0286 -0.9951 -0.0942
vn 0.2889 -0.0975 -0.9524
vn 0.2889 -0.0976 -0.9524
vn 0.0846 0.9565 -0.2790
vn 0.2779 -0.2890 -0.9161
vn 0.1374 0.8810 -0.4528
vn 0.2563 -0.4696 -0.8449
vn 0.2563 -0.4696 -0.8448
vn 0.1847 0.7715 -0.6088
vn 0.2248 -0.6326 -0.7412
vn 0.2248 0.6326 -0.7412
vn 0.1847 -0.7715 -0.6088
vn 0.2563 0.4696 -0.8448
vn 0.1373 -0.8810 -0.4528
vn 0.1374 -0.8810 -0.4528
vn 0.4162 -0.4696 -0.7786
vn 0.2999 0.7715 -0.5611
vn 0.3651 -0.6326 -0.6831
vn 0.3651 0.6326 -0.6831
vn 0.2999 -0.7715 -0.5611
vn 0.4162 0.4696 -0.7786
vn 0.2230 -0.8810 -0.4173
vn 0.4513 0.2890 -0.8443
vn 0.1374 -0.9565 -0.2572
vn 0.4691 0.0975 -0.8777
vn 0.0464 0.9951 -0.0868
vn 0.0464 -0.9951 -0.0869
vn 0.4691 -0.0976 -0.8777
vn 0.1374 0.9565 -0.2572
vn 0.4513 -0.2890 -0.8443
vn 0.2230 0.8810 -0.4173
vn 0.2231 0.8810 -0.4173
vn 0.1850 -0.9565 -0.2254
vn 0.6314 0.0976 -0.7693
vn 0.0625 0.9951 -0.0761
vn 0.0625 -0.9951 -0.0761
vn 0.6314 -0.0976 -0.7693
vn 0.1850 0.9565 -0.2254
vn 0.6073 -0.2890 -0.7400
vn 0.3002 0.8810 -0.3658
vn 0.5601 -0.4696 -0.6825
vn 0.5601 -0.4696 -0.6824
vn 0.4036 0.7715 -0.4918
vn 0.4913 -0.6326 -0.5987
vn 0.4914 0.6326 -0.5987
vn 0.4914 0.6325 -0.5987
vn 0.4036 -0.7715 -0.4918
vn 0.5601 0.4696 -0.6825
vn 0.3002 -0.8810 -0.3658
vn 0.3002 -0.8810 -0.3657
vn 0.6073 0.2890 -0.7400
vn 0.4918 0.7715 -0.4036
vn 0.5987 -0.6326 -0.4913
vn 0.5987 0.6326 -0.4913
vn 0.5987 0.6325 -0.4914
vn 0.4918 -0.7715 -0.4036
vn 0.6825 0.4696 -0.5601
vn 0.3658 -0.8810 -0.3002
vn 0.7400 0.2890 -0.6073
vn 0.2254 -0.9565 -0.1850
vn 0.7693 0.0976 -0.6314
vn 0.7693 0.0975 -0.6314
vn 0.0761 0.9951 -0.0625
vn 0.0761 -0.9951 -0.0625
vn 0.7693 -0.0976 -0.6314
vn 0.2254 0.9565 -0.1850
vn 0.7400 -0.2890 -0.6073
vn 0.3658 0.8810 -0.3002
vn 0.6825 -0.4696 -0.5601
vn 0.8777 0.0975 -0.4691
vn 0.8777 0.0976 -0.4691
vn 0.0868 0.9951 -0.0464
vn 0.0869 -0.9951 -0.0464
vn 0.8777 -0.0976 -0.4691
vn 0.8777 -0.0975 -0.4691
vn 0.2572 0.9565 -0.1374
vn 0.2571 0.9565 -0.1375
vn 0.8443 -0.2890 -0.4513
vn 0.4173 0.8810 -0.2231
vn 0.4173 0.8810 -0.2230
vn 0.7786 -0.4696 -0.4162
vn 0.5611 0.7715 -0.2999
vn 0.6831 -0.6326 -0.3651
vn 0.6831 0.6326 -0.3651
vn 0.5611 -0.7715 -0.2999
vn 0.7786 0.4696 -0.4162
vn 0.4173 -0.8810 -0.2230
vn 0.8443 0.2890 -0.4513
vn 0.2572 -0.9565 -0.1374
vn 0.2571 -0.9565 -0.1375
vn 0.7412 -0.6326 -0.2248
vn 0.7412 0.6326 -0.2248
vn 0.6088 -0.7715 -0.1847
vn 0.8449 0.4696 -0.2563
vn 0.4528 -0.8810 -0.1374
vn 0.4528 -0.8810 -0.1373
vn 0.9161 0.2890 -0.2779
vn 0.2790 -0.9565 -0.0846
vn 0.9524 0.0976 -0.2889
vn 0.0942 0.9951 -0.0286
vn 0.0942 -0.9951 -0.0286
vn 0.9524 -0.0976 -0.2889
vn 0.2790 0.9565 -0.0846
vn 0.9161 -0.2890 -0.2779
vn 0.4528 0.8810 -0.1374
vn 0.8449 -0.4696 -0.2563
vn 0.6088 0.7715 -0.1847
vn 0.0980 -0.9951 -0.0097
vn 0.9904 -0.0976 -0.0976
vn 0.2902 0.9565 -0.0286
vn 0.9527 -0.2890 -0.0938
vn 0.4709 0.8810 -0.0464
vn 0.8786 -0.4696 -0.0865
vn 0.6332 0.7715 -0.0624
vn 0.7708 -0.6326 -0.0759
vn 0.7708 0.6326 -0.0759
vn 0.6332 -0.7715 -0.0624
vn 0.8786 0.4696 -0.0865
vn 0.4709 -0.8810 -0.0464
vn 0.9527 0.2890 -0.0938
vn 0.2902 -0.9565 -0.0286
vn 0.9904 0.0976 -0.0976
vn 0.9904 0.0975 -0.0976
vn 0.0980 0.9951 -0.0096
vn 0.6332 -0.7715 0.0624
vn 0.8786 0.4696 0.0865
vn 0.4709 -0.8810 0.0464
vn 0.9527 0.2890 0.0938
vn 0.2902 -0.9565 0.0286
vn 0.9904 0.0976 0.0976
vn 0.0980 0.9951 0.0096
vn 0.0980 -0.9951 0.0097
vn 0.9904 -0.0976 0.0976
vn 0.2902 0.9565 0.0286
vn 0.9527 -0.2890 0.0938
vn 0.4709 0.8810 0.0464
vn 0.8786 -0.4696 0.0865
vn 0.6332 0.7715 0.0624
vn 0.7708 -0.6326 0.0759
vn 0.7708 0.6326 0.0759
vn 0.2790 0.9565 0.0846
vn 0.9161 -0.2890 0.2779
vn 0.4528 0.8810 0.1374
vn 0.8449 -0.4696 0.2563
vn 0.8448 -0.4696 0.2563
vn 0.6088 0.7715 0.1847
vn 0.7412 -0.6326 0.2248
vn 0.7412 0.6326 0.2248
vn 0.6088 -0.7715 0.1847
vn 0.8449 0.4696 0.2563
vn 0.4528 -0.8810 0.1373
vn 0.4528 -0.8810 0.1374
vn 0.9161 0.2890 0.2779
vn 0.2790 -0.9565 0.0846
vn 0.9524 0.0975 0.2889
vn 0.0942 0.9951 0.0286
vn 0.0942 -0.9951 0.0286
vn 0.9524 -0.0976 0.2889
vn 0.7786 0.4696 0.4162
vn 0.4173 -0.8810 0.2230
vn 0.8443 0.2890 0.4513
vn 0.2571 -0.9565 0.1375
vn 0.2572 -0.9565 0.1374
vn 0.8777 0.0976 0.4691
vn 0.0868 0.9951 0.0464
vn 0.0869 -0.9951 0.0464
vn 0.8777 -0.0976 0.4691
vn 0.8777 -0.0975 0.4691
vn 0.2571 0.9565 0.1375
vn 0.2572 0.9565 0.1374
vn 0.8443 -0.2890 0.4513
vn 0.4173 0.8810 0.2231
vn 0.4173 0.8810 0.2230
vn 0.7786 -0.4696 0.4162
vn 0.5611 0.7715 0.2999
vn 0.6831 -0.6326 0.3651
vn 0.6831 0.6326 0.3651
vn 0.5611 -0.7715 0.2999
vn 0.7400 -0.2890 0.6073
vn 0.3658 0.8810 0.3002
vn 0.6825 -0.4696 0.5601
vn 0.6824 -0.4696 0.5601
vn 0.4918 0.7715 0.4036
vn 0.5987 -0.6326 0.4913
vn 0.5987 0.6326 0.4913
vn 0.5987 0.6325 0.4914
vn 0.4918 -0.7715 0.4036
vn 0.6825 0.4696 0.5601
vn 0.3658 -0.8810 0.3002
vn 0.7400 0.2890 0.6073
vn 0.2254 -0.9565 0.1850
vn 0.7693 0.0976 0.6314
vn 0.0761 0.9951 0.0625
vn 0.0761 -0.9951 0.0625
vn 0.7693 -0.0976 0.6314
vn 0.2254 0.9565 0.1850
vn 0.3002 -0.8810 0.3658
vn 0.6073 0.2890 0.7400
vn 0.1850 -0.9565 0.2254
vn 0.6314 0.0976 0.7693
vn 0.0625 0.9951 0.0761
vn 0.0625 -0.9951 0.0761
vn 0.6314 -0.0976 0.7693
vn 0.1850 0.9565 0.2254
vn 0.6073 -0.2890 0.7400
vn 0.3002 0.8810 0.3658
vn 0.5601 -0.4696 0.6825
vn 0.5601 -0.4696 0.6824
vn 0.4036 0.7715 0.4918
vn 0.4913 -0.6326 0.5987
vn 0.4913 0.6326 0.5987
vn 0.4914 0.6325 0.5987
vn 0.4036 -0.7715 0.4918
vn 0.5601 0.4696 0.6825
vn 0.2231 0.8810 0.4173
vn 0.2230 0.8810 0.4173
vn 0.4162 -0.4696 0.7786
vn 0.2999 0.7715 0.5611
vn 0.3651 -0.6326 0.6831
vn 0.3651 0.6326 0.6831
vn 0.2999 -0.7715 0.5611
vn 0.4162 0.4696 0.7786
vn 0.2230 -0.8810 0.4173
vn 0.4513 0.2890 0.8443
vn 0.1374 -0.9565 0.2572
vn 0.1375 -0.9565 0.2571
vn 0.4691 0.0976 0.8777
vn 0.4691 0.0975 0.8777
vn 0.0464 0.9951 0.0868
vn 0.0464 -0.9951 0.0869
vn 0.4691 -0.0976 0.8777
vn 0.1374 0.9565 0.2572
vn 0.1375 0.9565 0.2571
vn 0.4513 -0.2890 0.8443
vn 0.2779 0.2890 0.9161
vn 0.0846 -0.9565 0.2790
vn 0.2889 0.0976 0.9524
vn 0.0286 0.9951 0.0942
vn 0.0286 -0.9951 0.0942
vn 0.2889 -0.0976 0.9524
vn 0.0846 0.9565 0.2790
vn 0.2779 -0.2890 0.9161
vn 0.1374 0.8810 0.4528
vn 0.2563 -0.4696 0.8449
vn 0.2563 -0.4696 0.8448
vn 0.1847 0.7715 0.6088
vn 0.2248 -0.6326 0.7412
vn 0.2248 0.6326 0.7412
vn 0.1847 -0.7715 0.6088
vn 0.2563 0.4696 0.8448
vn 0.2563 0.4696 0.8449
vn 0.1373 -0.8810 0.4528
vn 0.1374 -0.8810 0.4528
vn 0.0865 -0.4696 0.8786
vn 0.0624 0.7715 0.6332
vn 0.0759 -0.6326 0.7708
vn 0.0759 0.6326 0.7708
vn 0.0624 -0.7715 0.6332
vn 0.0865 0.4696 0.8786
vn 0.0464 -0.8810 0.4709
vn 0.0938 0.2890 0.9527
vn 0.0286 -0.9565 0.2902
vn 0.0976 0.0976 0.9904
vn 0.0097 0.9951 0.0980
vn 0.0097 -0.9951 0.0980
vn 0.0976 -0.0976 0.9904
vn 0.0286 0.9565 0.2902
vn 0.0938 -0.2890 0.9527
vn 0.0464 0.8810 0.4709
vn -0.0286 -0.9565 0.2902
vn -0.0976 0.0976 0.9904
vn -0.0097 0.9951 0.0980
vn -0.0097 -0.9951 0.0980
vn -0.0976 -0.0976 0.9904
vn -0.0976 -0.0975 0.9904
vn -0.0286 0.9565 0.2902
vn -0.0938 -0.2890 0.9527
vn -0.0464 0.8810 0.4709
vn -0.0865 -0.4696 0.8786
vn -0.0624 0.7715 0.6332
vn -0.0759 -0.6326 0.7708
vn -0.0759 0.6326 0.7708
vn -0.0624 -0.7715 0.6332
vn -0.0865 0.4696 0.8786
vn -0.0464 -0.8810 0.4709
vn -0.0938 0.2890 0.9527
vn -0.2248 -0.6326 0.7412
vn -0.2248 0.6326 0.7412
vn -0.1847 -0.7715 0.6088
vn -0.2563 0.4696 0.8448
vn -0.2563 0.4696 0.8449
vn -0.1374 -0.8810 0.4528
vn -0.1373 -0.8810 0.4528
vn -0.2779 0.2890 0.9161
vn -0.0846 -0.9565 0.2790
vn -0.2889 0.0976 0.9524
vn -0.2889 0.0975 0.9524
vn -0.0286 0.9951 0.0942
vn -0.0286 -0.9951 0.0942
vn -0.2889 -0.0976 0.9524
vn -0.0846 0.9565 0.2790
vn -0.2779 -0.2890 0.9161
vn -0.1374 0.8810 0.4528
vn -0.2563 -0.4696 0.8449
vn -0.1847 0.7715 0.6088
vn -0.0464 0.9951 0.0868
vn -0.0464 -0.9951 0.0869
vn -0.4691 -0.0976 0.8777
vn -0.4691 -0.0975 0.8777
vn -0.1375 0.9565 0.2572
vn -0.1374 0.9565 0.2572
vn -0.4513 -0.2890 0.8443
vn -0.2231 0.8810 0.4173
vn -0.2230 0.8810 0.4173
vn -0.4162 -0.4696 0.7786
vn -0.2999 0.7715 0.5611
vn -0.3651 -0.6326 0.6831
vn -0.3651 0.6326 0.6831
vn -0.2999 -0.7715 0.5611
vn -0.4162 0.4696 0.7786
vn -0.2230 -0.8810 0.4173
vn -0.4513 0.2890 0.8443
vn -0.1375 -0.9565 0.2571
vn -0.1374 -0.9565 0.2572
vn -0.4691 0.0976 0.8777
vn -0.4913 0.6326 0.5987
vn -0.4914 0.6326 0.5987
vn -0.4036 -0.7715 0.4918
vn -0.5601 0.4696 0.6825
vn -0.3002 -0.8810 0.3658
vn -0.6073 0.2890 0.7400
vn -0.1850 -0.9565 0.2254
vn -0.6314 0.0976 0.7693
vn -0.6314 0.0975 0.7693
vn -0.0625 0.9951 0.0761
vn -0.0625 -0.9951 0.0761
vn -0.6314 -0.0976 0.7693
vn -0.1850 0.9565 0.2254
vn -0.6073 -0.2890 0.7400
vn -0.3002 0.8810 0.3658
vn -0.5601 -0.4696 0.6825
vn -0.5601 -0.4696 0.6824
vn -0.4036 0.7715 0.4918
vn -0.4913 -0.6326 0.5987
vn -0.7693 -0.0976 0.6314
vn -0.2254 0.9565 0.1850
vn -0.7400 -0.2890 0.6073
vn -0.3658 0.8810 0.3002
vn -0.6825 -0.4696 0.5601
vn -0.6824 -0.4696 0.5601
vn -0.4918 0.7715 0.4036
vn -0.5987 -0.6326 0.4913
vn -0.5987 0.6326 0.4913
vn -0.5987 0.6326 0.4914
vn -0.4918 -0.7715 0.4036
vn -0.6825 0.4696 0.5601
vn -0.3658 -0.8810 0.3002
vn -0.7400 0.2890 0.6073
vn -0.2254 -0.9565 0.1850
vn -0.7693 0.0976 0.6314
vn -0.0761 0.9951 0.0625
vn -0.0761 -0.9951 0.0625
vn -0.5611 -0.7715 0.2999
vn -0.7786 0.4696 0.4162
vn -0.4173 -0.8810 0.2230
vn -0.8443 0.2890 0.4513
vn -0.2572 -0.9565 0.1374
vn -0.2571 -0.9565 0.1375
vn -0.8777 0.0976 0.4691
vn -0.8777 0.0975 0.4691
vn -0.0868 0.9951 0.0464
vn -0.0869 -0.9951 0.0464
vn -0.8777 -0.0976 0.4691
vn -0.2572 0.9565 0.1374
vn -0.2571 0.9565 0.1375
vn -0.8443 -0.2890 0.4513
vn -0.4173 0.8810 0.2231
vn -0.4173 0.8810 0.2230
vn -0.7786 -0.4696 0.4162
vn -0.5611 0.7715 0.2999
vn -0.6831 -0.6326 0.3651
vn -0.6831 0.6326 0.3651
vn -0.2790 0.9565 0.0846
vn -0.9161 -0.2890 0.2779
vn -0.4528 0.8810 0.1374
vn -0.8449 -0.4696 0.2563
vn -0.6088 0.7715 0.1847
vn -0.7412 -0.6326 0.2248
vn -0.7412 0.6326 0.2248
vn -0.6088 -0.7715 0.1847
vn -0.8449 0.4696 0.2563
vn -0.4528 -0.8810 0.1373
vn -0.4528 -0.8810 0.1374
vn -0.9161 0.2890 0.2779
vn -0.2790 -0.9565 0.0846
vn -0.9524 0.0976 0.2889
vn -0.0942 0.9951 0.0286
vn -0.0942 -0.9951 0.0286
vn -0.9524 -0.0976 0.2889
vn -0.8786 0.4696 0.0865
vn -0.4709 -0.8810 0.0464
vn -0.9527 0.2890 0.0938
vn -0.2902 -0.9565 0.0286
vn -0.9904 0.0976 0.0976
vn -0.9904 0.0975 0.0976
vn -0.0980 0.9951 0.0096
vn -0.0980 -0.9951 0.0097
vn -0.9904 -0.0976 0.0976
vn -0.2902 0.9565 0.0286
vn -0.9527 -0.2890 0.0938
vn -0.4709 0.8810 0.0464
vn -0.8786 -0.4696 0.0865
vn -0.6332 0.7715 0.0624
vn -0.7708 -0.6326 0.0759
vn -0.7708 0.6326 0.0759
vn -0.6332 -0.7715 0.0624
vn -0.9527 -0.2890 -0.0938
vn -0.4709 0.8810 -0.0464
vn -0.8786 -0.4696 -0.0865
vn -0.6332 0.7715 -0.0624
vn -0.7708 -0.6326 -0.0759
vn -0.7708 0.6326 -0.0759
vn -0.6332 -0.7715 -0.0624
vn -0.8786 0.4696 -0.0865
vn -0.4709 -0.8810 -0.0464
vn -0.9527 0.2890 -0.0938
vn -0.2902 -0.9565 -0.0286
vn -0.9904 0.0975 -0.0976
vn -0.9904 0.0976 -0.0976
vn -0.0980 0.9951 -0.0096
vn -0.0980 -0.9951 -0.0097
vn -0.9904 -0.0975 -0.0976
vn -0.2902 0.9565 -0.0286
vn -0.4528 -0.8810 -0.1374
vn -0.4528 -0.8810 -0.1373
vn -0.9161 0.2890 -0.2779
vn -0.2790 -0.9565 -0.0846
vn -0.9524 0.0975 -0.2889
vn -0.0942 0.9951 -0.0286
vn -0.0942 -0.9951 -0.0286
vn -0.9524 -0.0975 -0.2889
vn -0.9524 -0.0976 -0.2889
vn -0.2790 0.9565 -0.0846
vn -0.9161 -0.2890 -0.2779
vn -0.4528 0.8810 -0.1374
vn -0.8449 -0.4696 -0.2563
vn -0.6088 0.7715 -0.1847
vn -0.7412 -0.6326 -0.2248
vn -0.7412 0.6326 -0.2248
vn -0.6088 -0.7715 -0.1847
vn -0.8449 0.4696 -0.2563
vn -0.7786 -0.4696 -0.4162
vn -0.5611 0.7715 -0.2999
vn -0.6831 -0.6326 -0.3651
vn -0.6831 0.6326 -0.3651
vn -0.5611 -0.7715 -0.2999
vn -0.7786 0.4696 -0.4162
vn -0.4173 -0.8810 -0.2230
vn -0.8443 0.2890 -0.4513
vn -0.2571 -0.9565 -0.1375
vn -0.8777 0.0975 -0.4691
vn -0.8777 0.0975 -0.4692
vn -0.0868 0.9951 -0.0464
vn -0.0869 -0.9951 -0.0464
vn -0.8777 -0.0975 -0.4691
vn -0.8777 -0.0976 -0.4691
vn -0.2571 0.9565 -0.1375
vn -0.8443 -0.2890 -0.4513
vn -0.4173 0.8810 -0.2231
vn -0.2254 -0.9565 -0.1850
vn -0.7693 0.0976 -0.6314
vn -0.0761 0.9951 -0.0625
vn -0.0761 -0.9951 -0.0625
vn -0.7693 -0.0976 -0.6314
vn -0.7693 -0.0975 -0.6314
vn -0.2254 0.9565 -0.1850
vn -0.7400 -0.2890 -0.6073
vn -0.3658 0.8810 -0.3002
vn -0.6825 -0.4696 -0.5601
vn -0.6824 -0.4696 -0.5601
vn -0.4918 0.7715 -0.4036
vn -0.5987 -0.6326 -0.4913
vn -0.5987 0.6326 -0.4913
vn -0.5987 0.6326 -0.4914
vn -0.4918 -0.7715 -0.4036
vn -0.6825 0.4696 -0.5601
vn -0.3658 -0.8810 -0.3002
vn -0.7400 0.2890 -0.6073
vn -0.4036 0.7715 -0.4918
vn -0.4913 -0.6326 -0.5987
vn -0.4913 0.6326 -0.5987
vn -0.4036 -0.7715 -0.4918
vn -0.5601 0.4696 -0.6825
vn -0.3002 -0.8810 -0.3658
vn -0.3002 -0.8810 -0.3657
vn -0.6073 0.2890 -0.7400
vn -0.1850 -0.9565 -0.2254
vn -0.6314 0.0976 -0.7693
vn -0.0625 0.9951 -0.0761
vn -0.0625 -0.9951 -0.0761
vn -0.6314 -0.0976 -0.7693
vn -0.1850 0.9565 -0.2254
vn -0.6073 -0.2890 -0.7400
vn -0.3002 0.8810 -0.3658
vn -0.5601 -0.4696 -0.6825
vn -0.4691 0.0975 -0.8777
vn -0.4691 0.0976 -0.8777
vn -0.0464 0.9951 -0.0868
vn -0.0464 -0.9951 -0.0869
vn -0.4691 -0.0976 -0.8777
vn -0.4691 -0.0975 -0.8777
vn -0.1374 0.9565 -0.2572
vn -0.4513 -0.2890 -0.8443
vn -0.2230 0.8810 -0.4173
vn -0.2231 0.8810 -0.4173
vn -0.4162 -0.4696 -0.7786
vn -0.2999 0.7715 -0.5611
vn -0.3651 -0.6326 -0.6831
vn -0.3651 0.6326 -0.6831
vn -0.2999 -0.7715 -0.5611
vn -0.4162 0.4696 -0.7786
vn -0.2230 -0.8810 -0.4173
vn -0.4513 0.2890 -0.8443
vn -0.1374 -0.9565 -0.2572
vn -0.2248 -0.6326 -0.7412
vn -0.2248 0.6326 -0.7412
vn -0.1847 -0.7715 -0.6088
vn -0.2563 0.4696 -0.8448
vn -0.1373 -0.8810 -0.4528
vn -0.1374 -0.8810 -0.4528
vn -0.2779 0.2890 -0.9161
vn -0.0846 -0.9565 -0.2790
vn -0.2889 0.0975 -0.9524
vn -0.0286 0.9951 -0.0942
vn -0.0286 -0.9951 -0.0942
vn -0.2889 -0.0975 -0.9524
vn -0.2889 -0.0976 -0.9524
vn -0.0846 0.9565 -0.2790
vn -0.2779 -0.2890 -0.9161
vn -0.1374 0.8810 -0.4528
vn -0.2563 -0.4696 -0.8449
vn -0.1847 0.7715 -0.6088
vn -0.0097 0.9951 -0.0980
vn -0.0097 -0.9951 -0.0980
vn -0.0976 -0.0976 -0.9904
vn -0.0286 0.9565 -0.2902
vn -0.0938 -0.2890 -0.9527
vn -0.0464 0.8810 -0.4709
vn -0.0865 -0.4696 -0.8786
vn -0.0624 0.7715 -0.6332
vn -0.0759 -0.6326 -0.7708
vn -0.0759 0.6326 -0.7708
vn -0.0624 -0.7715 -0.6332
vn -0.0865 0.4696 -0.8786
vn -0.0464 -0.8810 -0.4709
vn -0.0938 0.2890 -0.9527
vn -0.0286 -0.9565 -0.2902
vn -0.0976 0.0975 -0.9904
vn 0.4691 0.0976 -0.8777
vn 0.4691 -0.0975 -0.8777
vn 0.4914 -0.6325 -0.5987
vn 0.4913 0.6326 -0.5987
vn 0.5601 0.4696 -0.6824
vn 0.5987 -0.6325 -0.4914
vn 0.3657 -0.8810 -0.3002
vn 0.8448 0.4696 -0.2563
vn 0.9524 0.0975 -0.2889
vn 0.9904 0.0975 0.0976
vn 0.8448 0.4696 0.2563
vn 0.9524 0.0976 0.2889
vn 0.9524 -0.0975 0.2889
vn 0.8777 0.0975 0.4691
vn 0.5987 -0.6326 0.4914
vn 0.6824 0.4696 0.5601
vn 0.3657 -0.8810 0.3002
vn 0.3002 -0.8810 0.3657
vn 0.6314 0.0975 0.7693
vn 0.4914 -0.6326 0.5987
vn 0.5601 0.4696 0.6824
vn 0.4691 -0.0975 0.8777
vn 0.2248 0.6325 0.7412
vn -0.0976 0.0975 0.9904
vn -0.2248 0.6325 0.7412
vn -0.2889 -0.0975 0.9524
vn -0.3651 0.6325 0.6831
vn -0.4691 0.0975 0.8777
vn -0.5601 0.4696 0.6824
vn -0.3002 -0.8810 0.3657
vn -0.5987 -0.6326 0.4914
vn -0.6824 0.4696 0.5601
vn -0.3657 -0.8810 0.3002
vn -0.7693 0.0975 0.6314
vn -0.8777 -0.0975 0.4691
vn -0.9904 -0.0976 -0.0976
vn -0.9524 0.0976 -0.2889
vn -0.8777 0.0976 -0.4691
vn -0.8777 -0.0975 -0.4692
vn -0.7693 0.0975 -0.6314
vn -0.5987 -0.6326 -0.4914
vn -0.6824 0.4696 -0.5601
vn -0.0976 0.0976 -0.9904
vn 0.1221 0.0262 -0.9922
vn 0.3097 0.0147 -0.9507
vn 0.4868 0.0026 -0.8735
vn 0.4867 0.0026 -0.8736
vn 0.4866 0.0026 -0.8736
vn 0.6463 -0.0096 -0.7631
vn 0.7823 -0.0215 -0.6225
vn 0.8890 -0.0327 -0.4567
vn 0.9614 -0.0427 -0.2719
vn 0.9958 -0.0511 -0.0754
vn 0.9906 -0.0574 0.1242
vn 0.9459 -0.0614 0.3187
vn 0.9459 -0.0614 0.3186
vn 0.8639 -0.0629 0.4998
vn 0.8639 -0.0629 0.4997
vn 0.7486 -0.0620 0.6601
vn 0.6053 -0.0587 0.7938
vn 0.6054 -0.0587 0.7937
vn 0.4402 -0.0532 0.8963
vn 0.4401 -0.0532 0.8964
vn 0.2595 -0.0458 0.9647
vn 0.0698 -0.0366 0.9969
vn 0.0699 -0.0366 0.9969
vn -0.1221 -0.0262 0.9922
vn -0.1222 -0.0262 0.9922
vn -0.3097 -0.0147 0.9507
vn -0.4867 -0.0026 0.8735
vn -0.4867 -0.0026 0.8736
vn -0.6463 0.0096 0.7630
vn -0.6462 0.0096 0.7631
vn -0.7823 0.0215 0.6225
vn -0.8890 0.0327 0.4568
vn -0.8890 0.0327 0.4567
vn -0.9614 0.0427 0.2719
vn -0.9958 0.0511 0.0753
vn -0.9958 0.0511 0.0754
vn -0.9906 0.0574 -0.1241
vn -0.9906 0.0574 -0.1242
vn -0.9458 0.0614 -0.3188
vn -0.8639 0.0629 -0.4997
vn -0.7487 0.0620 -0.6600
vn -0.7486 0.0620 -0.6601
vn -0.6053 0.0587 -0.7938
vn -0.6054 0.0587 -0.7937
vn -0.4401 0.0532 -0.8964
vn -0.4402 0.0532 -0.8963
vn 0.0537 0.9980 0.0329
vn 0.0538 0.9980 0.0329
vn -0.2594 0.0458 -0.9647
vn -0.2595 0.0458 -0.9647
vn -0.0698 0.0366 -0.9969
vn -0.0699 0.0366 -0.9969
vn -0.0537 -0.9980 -0.0329
vn -0.4866 -0.0026 0.8736
vn 0.0536 0.9980 0.0329
vn 0.0539 0.9980 0.0329
vn 0.0535 0.9980 0.0329
vn -0.0536 -0.9980 -0.0329
vn -0.0538 -0.9980 -0.0329
vn -0.0535 -0.9980 -0.0329
vn -0.0539 -0.9980 -0.0329
vn -0.0544 -0.9980 -0.0329
vn -0.0534 -0.9980 -0.0329
vn -0.0540 -0.9980 -0.0329
vn -0.0533 -0.9980 -0.0329
vn -0.0539 -0.9980 -0.0330
vn 0.0972 0.1303 -0.9867
vn 0.2878 0.1303 -0.9488
vn 0.4674 0.1303 -0.8744
vn 0.6290 0.1303 -0.7664
vn 0.7664 0.1303 -0.6290
vn 0.8744 0.1303 -0.4674
vn 0.9488 0.1303 -0.2878
vn 0.9867 0.1303 -0.0972
vn 0.9867 0.1303 0.0972
vn 0.9488 0.1303 0.2878
vn 0.8744 0.1303 0.4674
vn 0.7664 0.1303 0.6290
vn 0.6290 0.1303 0.7664
vn 0.4674 0.1303 0.8744
vn 0.2878 0.1303 0.9488
vn 0.0972 0.1303 0.9867
vn -0.0972 0.1303 0.9867
vn -0.2878 0.1303 0.9488
vn -0.4674 0.1303 0.8744
vn -0.6290 0.1303 0.7664
vn -0.7664 0.1303 0.6290
vn -0.8744 0.1303 0.4674
vn -0.9488 0.1303 0.2878
vn -0.9867 0.1303 0.0972
vn -0.9867 0.1303 -0.0972
vn -0.9488 0.1303 -0.2878
vn -0.8744 0.1303 -0.4674
vn -0.7664 0.1303 -0.6290
vn -0.6290 0.1303 -0.7664
vn -0.4674 0.1303 -0.8744
vn -0.0000 1.0000 -0.0000
vn -0.2878 0.1303 -0.9488
vn -0.0972 0.1303 -0.9867
vn -0.0000 -1.0000 -0.0000
vn 0.0001 -1.0000 -0.0000
vn -0.2563 -0.4696 -0.8448
vn -0.5601 -0.4696 -0.6824
vn -0.4914 0.6326 -0.5987
vn -0.4914 0.6325 -0.5987
vn -0.5987 0.6325 -0.4914
vn -0.2572 0.9565 -0.1374
vn -0.4173 0.8810 -0.2230
vn -0.2572 -0.9565 -0.1374
vn -0.8448 -0.4696 0.2563
vn -0.9524 0.0975 0.2889
vn -0.5987 0.6325 0.4914
vn -0.4914 0.6325 0.5987
vn -0.1375 0.9565 0.2571
vn -0.2563 -0.4696 0.8448
vn 0.0976 -0.0975 0.9904
vn 0.2889 0.0975 0.9524
vn 0.1375 0.9565 0.2572
vn 0.4914 0.6326 0.5987
vn 0.5987 0.6326 0.4914
vn 0.9904 -0.0975 -0.0976
vn 0.9524 -0.0975 -0.2889
vn 0.8777 0.0975 -0.4692
vn 0.7693 -0.0975 -0.6314
vn 0.6824 -0.4696 -0.5601
vn 0.5987 0.6326 -0.4914
vn -0.4914 -0.6325 -0.5987
vn -0.5601 0.4696 -0.6824
vn -0.5987 -0.6325 -0.4914
vn -0.3657 -0.8810 -0.3002
vn -0.8448 0.4696 -0.2563
vn -0.8448 0.4696 0.2563
vn -0.9524 -0.0975 0.2889
vn -0.4914 -0.6326 0.5987
vn 0.0976 0.0975 0.9904
vn 0.2889 -0.0975 0.9524
vn 0.3651 0.6325 0.6831
vn 0.7693 0.0975 0.6314
vn 0.8777 -0.0975 -0.4692
vn 0.5987 -0.6326 -0.4914
vn 0.6824 0.4696 -0.5601
vn -0.1221 0.0262 -0.9922
vn -0.3097 0.0147 -0.9507
vn -0.4868 0.0026 -0.8735
vn -0.4866 0.0026 -0.8736
vn -0.4867 0.0026 -0.8736
vn -0.6463 -0.0096 -0.7631
vn -0.7823 -0.0215 -0.6225
vn -0.8890 -0.0327 -0.4567
vn -0.9614 -0.0427 -0.2719
vn -0.9958 -0.0511 -0.0754
vn -0.9906 -0.0574 0.1242
vn -0.9459 -0.0614 0.3187
vn -0.9459 -0.0614 0.3186
vn -0.8639 -0.0629 0.4998
vn -0.8639 -0.0629 0.4997
vn -0.7486 -0.0620 0.6601
vn -0.6053 -0.0587 0.7938
vn -0.6054 -0.0587 0.7937
vn -0.4402 -0.0532 0.8963
vn -0.4401 -0.0532 0.8964
vn -0.2595 -0.0458 0.9647
vn -0.0698 -0.0366 0.9969
vn -0.0699 -0.0366 0.9969
vn 0.1221 -0.0262 0.9922
vn 0.1222 -0.0262 0.9922
vn 0.3097 -0.0147 0.9507
vn 0.4867 -0.0026 0.8735
vn 0.4867 -0.0026 0.8736
vn 0.6463 0.0096 0.7630
vn 0.6462 0.0096 0.7631
vn 0.7823 0.0215 0.6225
vn 0.8890 0.0327 0.4568
vn 0.8890 0.0327 0.4567
vn 0.9614 0.0427 0.2719
vn 0.9958 0.0511 0.0753
vn 0.9958 0.0511 0.0754
vn 0.9906 0.0574 -0.1241
vn 0.9906 0.0574 -0.1242
vn 0.9458 0.0614 -0.3188
vn 0.8639 0.0629 -0.4997
vn 0.7487 0.0620 -0.6600
vn 0.7486 0.0620 -0.6601
vn 0.6053 0.0587 -0.7938
vn 0.6054 0.0587 -0.7937
vn 0.4401 0.0532 -0.8964
vn 0.4402 0.0532 -0.8963
vn -0.0537 0.9980 0.0329
vn -0.0538 0.9980 0.0329
vn 0.2594 0.0458 -0.9647
vn 0.2595 0.0458 -0.9647
vn 0.0698 0.0366 -0.9969
vn 0.0699 0.0366 -0.9969
vn 0.0537 -0.9980 -0.0329
vn 0.4866 -0.0026 0.8736
vn -0.0536 0.9980 0.0329
vn -0.0539 0.9980 0.0329
vn -0.0543 0.9980 0.0331
vn -0.0535 0.9980 0.0329
vn 0.0536 -0.9980 -0.0329
vn 0.0538 -0.9980 -0.0329
vn 0.0539 -0.9980 -0.0329
vn 0.0535 -0.9980 -0.0329
vn 0.0534 -0.9980 -0.0329
vn 0.0544 -0.9980 -0.0329
vn 0.0540 -0.9980 -0.0329
vn 0.0539 -0.9980 -0.0330
vn 0.0533 -0.9980 -0.0329
vn -0.0001 -1.0000 -0.0000
vt 0.750000 0.500000
vt 0.718750 0.562500
vt 0.718750 0.500000
vt 0.750000 0.937500
vt 0.734375 1.000000
vt 0.718750 0.937500
vt 0.734375 0.000000
vt 0.750000 0.062500
vt 0.718750 0.062500
vt 0.718750 0.437500
vt 0.750000 0.437500
vt 0.718750 0.875000
vt 0.750000 0.875000
vt 0.750000 0.375000
vt 0.718750 0.375000
vt 0.750000 0.812500
vt 0.718750 0.812500
vt 0.750000 0.312500
vt 0.718750 0.312500
vt 0.750000 0.750000
vt 0.718750 0.750000
vt 0.718750 0.250000
vt 0.750000 0.250000
vt 0.750000 0.687500
vt 0.718750 0.687500
vt 0.718750 0.187500
vt 0.750000 0.187500
vt 0.718750 0.625000
vt 0.750000 0.625000
vt 0.718750 0.125000
vt 0.750000 0.125000
vt 0.750000 0.562500
vt 0.687500 0.562500
vt 0.687500 0.062500
vt 0.687500 0.500000
vt 0.703125 1.000000
vt 0.687500 0.937500
vt 0.703125 0.000000
vt 0.687500 0.437500
vt 0.687500 0.875000
vt 0.687500 0.375000
vt 0.687500 0.812500
vt 0.687500 0.312500
vt 0.687500 0.750000
vt 0.687500 0.250000
vt 0.687500 0.687500
vt 0.687500 0.187500
vt 0.687500 0.625000
vt 0.687500 0.125000
vt 0.656250 0.375000
vt 0.656250 0.312500
vt 0.656250 0.812500
vt 0.656250 0.750000
vt 0.656250 0.250000
vt 0.656250 0.687500
vt 0.656250 0.187500
vt 0.656250 0.625000
vt 0.656250 0.125000
vt 0.656250 0.562500
vt 0.656250 0.062500
vt 0.656250 0.500000
vt 0.671875 1.000000
vt 0.656250 0.937500
vt 0.671875 0.000000
vt 0.656250 0.437500
vt 0.656250 0.875000
vt 0.625000 0.125000
vt 0.625000 0.062500
vt 0.625000 0.500000
vt 0.640625 1.000000
vt 0.625000 0.937500
vt 0.640625 0.000000
vt 0.625000 0.437500
vt 0.625000 0.875000
vt 0.625000 0.375000
vt 0.625000 0.812500
vt 0.625000 0.312500
vt 0.625000 0.750000
vt 0.625000 0.250000
vt 0.625000 0.687500
vt 0.625000 0.187500
vt 0.625000 0.625000
vt 0.625000 0.562500
vt 0.593750 0.812500
vt 0.593750 0.750000
vt 0.593750 0.312500
vt 0.593750 0.250000
vt 0.593750 0.687500
vt 0.593750 0.187500
vt 0.593750 0.625000
vt 0.593750 0.125000
vt 0.593750 0.562500
vt 0.593750 0.062500
vt 0.593750 0.500000
vt 0.609375 1.000000
vt 0.593750 0.937500
vt 0.609375 0.000000
vt 0.593750 0.437500
vt 0.593750 0.875000
vt 0.593750 0.375000
vt 0.562500 0.562500
vt 0.562500 0.500000
vt 0.578125 1.000000
vt 0.562500 0.937500
vt 0.578125 0.000000
vt 0.562500 0.062500
vt 0.562500 0.437500
vt 0.562500 0.875000
vt 0.562500 0.375000
vt 0.562500 0.812500
vt 0.562500 0.312500
vt 0.562500 0.750000
vt 0.562500 0.250000
vt 0.562500 0.687500
vt 0.562500 0.187500
vt 0.562500 0.625000
vt 0.562500 0.125000
vt 0.531250 0.250000
vt 0.531250 0.750000
vt 0.531250 0.687500
vt 0.531250 0.187500
vt 0.531250 0.625000
vt 0.531250 0.125000
vt 0.531250 0.562500
vt 0.531250 0.062500
vt 0.531250 0.500000
vt 0.546875 1.000000
vt 0.531250 0.937500
vt 0.546875 0.000000
vt 0.531250 0.437500
vt 0.531250 0.875000
vt 0.531250 0.375000
vt 0.531250 0.812500
vt 0.531250 0.312500
vt 0.515625 0.000000
vt 0.500000 0.062500
vt 0.500000 0.500000
vt 0.500000 0.437500
vt 0.500000 0.937500
vt 0.500000 0.875000
vt 0.500000 0.375000
vt 0.500000 0.812500
vt 0.500000 0.312500
vt 0.500000 0.750000
vt 0.500000 0.250000
vt 0.500000 0.687500
vt 0.500000 0.187500
vt 0.500000 0.625000
vt 0.500000 0.125000
vt 0.500000 0.562500
vt 0.515625 1.000000
vt 0.468750 0.187500
vt 0.468750 0.625000
vt 0.468750 0.125000
vt 0.468750 0.562500
vt 0.468750 0.062500
vt 0.468750 0.500000
vt 0.484375 1.000000
vt 0.468750 0.937500
vt 0.484375 0.000000
vt 0.468750 0.437500
vt 0.468750 0.875000
vt 0.468750 0.375000
vt 0.468750 0.812500
vt 0.468750 0.312500
vt 0.468750 0.750000
vt 0.468750 0.250000
vt 0.468750 0.687500
vt 0.437500 0.937500
vt 0.437500 0.875000
vt 0.437500 0.375000
vt 0.437500 0.812500
vt 0.437500 0.312500
vt 0.437500 0.750000
vt 0.437500 0.250000
vt 0.437500 0.687500
vt 0.437500 0.187500
vt 0.437500 0.625000
vt 0.437500 0.125000
vt 0.437500 0.562500
vt 0.437500 0.062500
vt 0.437500 0.500000
vt 0.453125 1.000000
vt 0.453125 0.000000
vt 0.437500 0.437500
vt 0.406250 0.625000
vt 0.406250 0.125000
vt 0.406250 0.562500
vt 0.406250 0.062500
vt 0.406250 0.500000
vt 0.421875 1.000000
vt 0.406250 0.937500
vt 0.421875 0.000000
vt 0.406250 0.437500
vt 0.406250 0.875000
vt 0.406250 0.375000
vt 0.406250 0.812500
vt 0.406250 0.312500
vt 0.406250 0.750000
vt 0.406250 0.250000
vt 0.406250 0.687500
vt 0.406250 0.187500
vt 0.375000 0.437500
vt 0.375000 0.375000
vt 0.375000 0.812500
vt 0.375000 0.312500
vt 0.375000 0.750000
vt 0.375000 0.250000
vt 0.375000 0.687500
vt 0.375000 0.187500
vt 0.375000 0.625000
vt 0.375000 0.125000
vt 0.375000 0.562500
vt 0.375000 0.062500
vt 0.375000 0.500000
vt 0.390625 1.000000
vt 0.375000 0.937500
vt 0.390625 0.000000
vt 0.375000 0.875000
vt 0.343750 0.125000
vt 0.343750 0.625000
vt 0.343750 0.562500
vt 0.343750 0.062500
vt 0.343750 0.500000
vt 0.359375 1.000000
vt 0.343750 0.937500
vt 0.359375 0.000000
vt 0.343750 0.437500
vt 0.343750 0.875000
vt 0.343750 0.375000
vt 0.343750 0.812500
vt 0.343750 0.312500
vt 0.343750 0.750000
vt 0.343750 0.250000
vt 0.343750 0.687500
vt 0.343750 0.187500
vt 0.312500 0.812500
vt 0.312500 0.312500
vt 0.312500 0.750000
vt 0.312500 0.250000
vt 0.312500 0.687500
vt 0.312500 0.187500
vt 0.312500 0.625000
vt 0.312500 0.125000
vt 0.312500 0.562500
vt 0.312500 0.062500
vt 0.312500 0.500000
vt 0.328125 1.000000
vt 0.312500 0.937500
vt 0.328125 0.000000
vt 0.312500 0.437500
vt 0.312500 0.875000
vt 0.312500 0.375000
vt 0.281250 0.625000
vt 0.281250 0.562500
vt 0.281250 0.125000
vt 0.281250 0.062500
vt 0.281250 0.500000
vt 0.296875 1.000000
vt 0.281250 0.937500
vt 0.296875 0.000000
vt 0.281250 0.437500
vt 0.281250 0.875000
vt 0.281250 0.375000
vt 0.281250 0.812500
vt 0.281250 0.312500
vt 0.281250 0.750000
vt 0.281250 0.250000
vt 0.281250 0.687500
vt 0.281250 0.187500
vt 0.250000 0.312500
vt 0.250000 0.812500
vt 0.250000 0.750000
vt 0.250000 0.250000
vt 0.250000 0.687500
vt 0.250000 0.187500
vt 0.250000 0.625000
vt 0.250000 0.125000
vt 0.250000 0.562500
vt 0.250000 0.062500
vt 0.250000 0.500000
vt 0.265625 1.000000
vt 0.250000 0.937500
vt 0.265625 0.000000
vt 0.250000 0.437500
vt 0.250000 0.875000
vt 0.250000 0.375000
vt 0.218750 0.125000
vt 0.218750 0.062500
vt 0.218750 0.500000
vt 0.234375 1.000000
vt 0.218750 0.937500
vt 0.234375 0.000000
vt 0.218750 0.437500
vt 0.218750 0.875000
vt 0.218750 0.375000
vt 0.218750 0.812500
vt 0.218750 0.312500
vt 0.218750 0.750000
vt 0.218750 0.250000
vt 0.218750 0.687500
vt 0.218750 0.187500
vt 0.218750 0.625000
vt 0.218750 0.562500
vt 0.187500 0.312500
vt 0.187500 0.250000
vt 0.187500 0.687500
vt 0.187500 0.187500
vt 0.187500 0.625000
vt 0.187500 0.125000
vt 0.187500 0.562500
vt 0.187500 0.062500
vt 0.187500 0.500000
vt 0.203125 1.000000
vt 0.187500 0.937500
vt 0.203125 0.000000
vt 0.187500 0.437500
vt 0.187500 0.875000
vt 0.187500 0.375000
vt 0.187500 0.812500
vt 0.187500 0.750000
vt 0.171875 1.000000
vt 0.156250 0.937500
vt 0.171875 0.000000
vt 0.156250 0.062500
vt 0.156250 0.500000
vt 0.156250 0.437500
vt 0.156250 0.875000
vt 0.156250 0.375000
vt 0.156250 0.812500
vt 0.156250 0.312500
vt 0.156250 0.750000
vt 0.156250 0.250000
vt 0.156250 0.687500
vt 0.156250 0.187500
vt 0.156250 0.625000
vt 0.156250 0.125000
vt 0.156250 0.562500
vt 0.125000 0.687500
vt 0.125000 0.187500
vt 0.125000 0.625000
vt 0.125000 0.125000
vt 0.125000 0.562500
vt 0.125000 0.062500
vt 0.125000 0.500000
vt 0.140625 1.000000
vt 0.125000 0.937500
vt 0.140625 0.000000
vt 0.125000 0.437500
vt 0.125000 0.875000
vt 0.125000 0.375000
vt 0.125000 0.812500
vt 0.125000 0.312500
vt 0.125000 0.750000
vt 0.125000 0.250000
vt 0.093750 0.500000
vt 0.093750 0.437500
vt 0.093750 0.937500
vt 0.093750 0.875000
vt 0.093750 0.375000
vt 0.093750 0.812500
vt 0.093750 0.312500
vt 0.093750 0.750000
vt 0.093750 0.250000
vt 0.093750 0.687500
vt 0.093750 0.187500
vt 0.093750 0.625000
vt 0.093750 0.125000
vt 0.093750 0.562500
vt 0.093750 0.062500
vt 0.109375 1.000000
vt 0.109375 0.000000
vt 0.062500 0.250000
vt 0.062500 0.187500
vt 0.062500 0.625000
vt 0.062500 0.125000
vt 0.062500 0.562500
vt 0.062500 0.062500
vt 0.062500 0.500000
vt 0.078125 1.000000
vt 0.062500 0.937500
vt 0.078125 0.000000
vt 0.062500 0.437500
vt 0.062500 0.875000
vt 0.062500 0.375000
vt 0.062500 0.812500
vt 0.062500 0.312500
vt 0.062500 0.750000
vt 0.062500 0.687500
vt 0.031250 0.875000
vt 0.031250 0.375000
vt 0.031250 0.812500
vt 0.031250 0.312500
vt 0.031250 0.750000
vt 0.031250 0.250000
vt 0.031250 0.687500
vt 0.031250 0.187500
vt 0.031250 0.625000
vt 0.031250 0.125000
vt 0.031250 0.562500
vt 0.031250 0.062500
vt 0.031250 0.500000
vt 0.046875 1.000000
vt 0.031250 0.937500
vt 0.046875 0.000000
vt 0.031250 0.437500
vt 0.000000 0.625000
vt 0.000000 0.125000
vt 0.000000 0.562500
vt 0.000000 0.062500
vt 0.000000 0.500000
vt 0.015625 1.000000
vt 0.000000 0.937500
vt 0.015625 0.000000
vt 0.000000 0.437500
vt 0.000000 0.875000
vt 0.000000 0.375000
vt 0.000000 0.812500
vt 0.000000 0.312500
vt 0.000000 0.750000
vt 0.000000 0.250000
vt 0.000000 0.687500
vt 0.000000 0.187500
vt 1.000000 0.437500
vt 0.968750 0.375000
vt 1.000000 0.375000
vt 1.000000 0.875000
vt 0.968750 0.812500
vt 1.000000 0.812500
vt 1.000000 0.312500
vt 0.968750 0.312500
vt 0.968750 0.750000
vt 1.000000 0.750000
vt 0.968750 0.250000
vt 1.000000 0.250000
vt 1.000000 0.687500
vt 0.968750 0.687500
vt 1.000000 0.187500
vt 0.968750 0.187500
vt 0.968750 0.625000
vt 1.000000 0.625000
vt 1.000000 0.125000
vt 0.968750 0.125000
vt 1.000000 0.562500
vt 0.968750 0.562500
vt 1.000000 0.062500
vt 0.968750 0.062500
vt 0.968750 0.500000
vt 1.000000 0.500000
vt 1.000000 0.937500
vt 0.984375 1.000000
vt 0.968750 0.937500
vt 0.984375 0.000000
vt 0.968750 0.437500
vt 0.968750 0.875000
vt 0.937500 0.125000
vt 0.937500 0.625000
vt 0.937500 0.562500
vt 0.937500 0.062500
vt 0.937500 0.500000
vt 0.953125 1.000000
vt 0.937500 0.937500
vt 0.953125 0.000000
vt 0.937500 0.437500
vt 0.937500 0.875000
vt 0.937500 0.375000
vt 0.937500 0.812500
vt 0.937500 0.312500
vt 0.937500 0.750000
vt 0.937500 0.250000
vt 0.937500 0.687500
vt 0.937500 0.187500
vt 0.906250 0.312500
vt 0.906250 0.750000
vt 0.906250 0.250000
vt 0.906250 0.687500
vt 0.906250 0.187500
vt 0.906250 0.625000
vt 0.906250 0.125000
vt 0.906250 0.562500
vt 0.906250 0.062500
vt 0.906250 0.500000
vt 0.921875 1.000000
vt 0.906250 0.937500
vt 0.921875 0.000000
vt 0.906250 0.437500
vt 0.906250 0.875000
vt 0.906250 0.375000
vt 0.906250 0.812500
vt 0.875000 0.125000
vt 0.875000 0.062500
vt 0.875000 0.562500
vt 0.875000 0.500000
vt 0.890625 1.000000
vt 0.875000 0.937500
vt 0.890625 0.000000
vt 0.875000 0.437500
vt 0.875000 0.875000
vt 0.875000 0.375000
vt 0.875000 0.812500
vt 0.875000 0.312500
vt 0.875000 0.750000
vt 0.875000 0.250000
vt 0.875000 0.687500
vt 0.875000 0.187500
vt 0.875000 0.625000
vt 0.843750 0.812500
vt 0.843750 0.750000
vt 0.843750 0.250000
vt 0.843750 0.687500
vt 0.843750 0.187500
vt 0.843750 0.625000
vt 0.843750 0.125000
vt 0.843750 0.562500
vt 0.843750 0.062500
vt 0.843750 0.500000
vt 0.859375 1.000000
vt 0.843750 0.937500
vt 0.859375 0.000000
vt 0.843750 0.437500
vt 0.843750 0.875000
vt 0.843750 0.375000
vt 0.843750 0.312500
vt 0.812500 0.500000
vt 0.828125 1.000000
vt 0.812500 0.937500
vt 0.828125 0.000000
vt 0.812500 0.062500
vt 0.812500 0.437500
vt 0.812500 0.875000
vt 0.812500 0.375000
vt 0.812500 0.812500
vt 0.812500 0.312500
vt 0.812500 0.750000
vt 0.812500 0.250000
vt 0.812500 0.687500
vt 0.812500 0.187500
vt 0.812500 0.625000
vt 0.812500 0.125000
vt 0.812500 0.562500
vt 0.781250 0.250000
vt 0.781250 0.750000
vt 0.781250 0.687500
vt 0.781250 0.187500
vt 0.781250 0.625000
vt 0.781250 0.125000
vt 0.781250 0.562500
vt 0.781250 0.062500
vt 0.781250 0.500000
vt 0.796875 1.000000
vt 0.781250 0.937500
vt 0.796875 0.000000
vt 0.781250 0.437500
vt 0.781250 0.875000
vt 0.781250 0.375000
vt 0.781250 0.812500
vt 0.781250 0.312500
vt 0.765625 1.000000
vt 0.765625 0.000000
vt 1.000000 1.000000
vt 0.937500 1.000000
vt 0.906250 1.000000
vt 0.843750 1.000000
vt 0.812500 1.000000
vt 0.750000 1.000000
vt 0.687500 1.000000
vt 0.656250 1.000000
vt 0.593750 1.000000
vt 0.562500 1.000000
vt 0.500000 1.000000
vt 0.468750 1.000000
vt 0.406250 1.000000
vt 0.375000 1.000000
vt 0.312500 1.000000
vt 0.250000 1.000000
vt 0.218750 1.000000
vt 0.156250 1.000000
vt 0.125000 1.000000
vt 0.062500 1.000000
vt 0.419706 0.419706
vt 0.383337 0.449553
vt 0.419706 0.080294
vt 0.031250 1.000000
vt 0.616663 0.449553
vt 0.658156 0.471731
vt 0.616663 0.050447
vt 0.968750 1.000000
vt 0.875000 1.000000
vt 0.781250 1.000000
vt 0.718750 1.000000
vt 0.625000 1.000000
vt 0.531250 1.000000
vt 0.437500 1.000000
vt 0.343750 1.000000
vt 0.281250 1.000000
vt 0.187500 1.000000
vt 0.093750 1.000000
vt 0.341844 0.471731
vt 0.296822 0.485388
vt 0.296822 0.014612
vt 0.250000 0.490000
vt 0.250000 0.010000
vt 0.203178 0.485388
vt 0.203178 0.014612
vt 0.158156 0.471731
vt 0.158156 0.028269
vt 0.116663 0.449553
vt 0.080294 0.419706
vt 0.116663 0.050447
vt 0.050447 0.383337
vt 0.080294 0.080294
vt 0.028269 0.341844
vt 0.050447 0.116663
vt 0.014612 0.296822
vt 0.028269 0.158156
vt 0.010000 0.250000
vt 0.014612 0.203178
vt 0.341844 0.028269
vt 0.383337 0.050447
vt 0.449553 0.116663
vt 0.471731 0.158156
vt 0.449553 0.383337
vt 0.485388 0.203178
vt 0.490000 0.250000
vt 0.485388 0.296822
vt 0.471731 0.341844
vt 0.000000 1.000000
vt 0.703178 0.485388
vt 0.750000 0.490000
vt 0.750000 0.010000
vt 0.796822 0.485388
vt 0.796822 0.014612
vt 0.841844 0.471731
vt 0.883337 0.449553
vt 0.841844 0.028269
vt 0.919706 0.419706
vt 0.919706 0.080294
vt 0.949553 0.383337
vt 0.949553 0.116663
vt 0.971731 0.341844
vt 0.985388 0.296822
vt 0.971731 0.158156
vt 0.990000 0.250000
vt 0.985388 0.203178
vt 0.883337 0.050447
vt 0.703178 0.014612
vt 0.658156 0.028269
vt 0.580294 0.080294
vt 0.580294 0.419706
vt 0.550447 0.116663
vt 0.550447 0.383337
vt 0.528269 0.158156
vt 0.514612 0.203178
vt 0.528269 0.341844
vt 0.510000 0.250000
vt 0.514612 0.296822
s 1
usemtl マテリアル.003
f 4/1/1 13/2/1 14/3/2
f 474/4/3 82/5/3 7/6/3
f 308/7/4 482/8/4 21/9/4
f 4/1/5 15/10/5 5/11/5
f 474/4/6 8/12/6 475/13/6
f 478/14/7 15/10/7 16/15/7
f 1/16/8 8/12/8 9/17/8
f 6/18/9 16/15/9 17/19/9
f 476/20/10 9/17/10 10/21/10
f 6/18/11 18/22/11 479/23/11
f 2/24/12 10/21/12 11/25/12
f 479/23/13 19/26/13 480/27/13
f 2/24/14 12/28/14 477/29/14
f 480/27/15 20/30/15 481/31/15
f 477/29/16 13/2/16 3/32/16
f 482/8/17 20/30/17 21/9/17
f 12/28/18 28/33/18 13/2/18
f 20/30/19 36/34/19 21/9/19
f 14/3/20 28/33/20 29/35/20
f 7/6/21 82/36/21 22/37/21
f 308/38/22 21/9/22 36/34/22
f 14/3/23 30/39/23 15/10/24
f 8/12/25 22/37/25 23/40/25
f 16/15/26 30/39/26 31/41/26
f 8/12/27 24/42/27 9/17/27
f 17/19/28 31/41/28 32/43/29
f 9/17/30 25/44/30 10/21/30
f 18/22/31 32/43/31 33/45/31
f 10/21/32 26/46/32 11/25/32
f 19/26/33 33/45/33 34/47/33
f 11/25/34 27/48/34 12/28/34
f 20/30/35 34/47/36 35/49/35
f 32/43/37 46/50/37 47/51/37
f 25/44/38 39/52/38 40/53/38
f 32/43/39 48/54/39 33/45/39
f 26/46/40 40/53/40 41/55/40
f 33/45/41 49/56/41 34/47/41
f 26/46/42 42/57/42 27/48/42
f 34/47/43 50/58/43 35/49/43
f 28/33/44 42/57/44 43/59/44
f 35/49/45 51/60/45 36/34/45
f 28/33/46 44/61/46 29/35/46
f 22/37/47 82/62/47 37/63/47
f 308/64/48 36/34/48 51/60/48
f 30/39/49 44/61/49 45/65/49
f 23/40/50 37/63/50 38/66/50
f 30/39/51 46/50/51 31/41/51
f 24/42/52 38/66/52 39/52/53
f 51/60/54 65/67/54 66/68/54
f 43/59/55 59/69/55 44/61/55
f 37/63/56 82/70/56 52/71/56
f 308/72/57 51/60/57 66/68/57
f 45/65/58 59/69/58 60/73/58
f 37/63/59 53/74/59 38/66/59
f 46/50/60 60/73/60 61/75/60
f 38/66/61 54/76/61 39/52/61
f 47/51/62 61/75/62 62/77/63
f 39/52/64 55/78/64 40/53/64
f 47/51/65 63/79/65 48/54/65
f 41/55/66 55/78/66 56/80/67
f 49/56/68 63/79/68 64/81/68
f 41/55/69 57/82/69 42/57/69
f 50/58/70 64/81/70 65/67/71
f 42/57/72 58/83/72 43/59/72
f 55/78/73 69/84/73 70/85/73
f 63/79/74 77/86/74 78/87/74
f 55/78/75 71/88/75 56/80/76
f 63/79/77 79/89/77 64/81/77
f 56/80/78 72/90/78 57/82/78
f 64/81/79 80/91/79 65/67/79
f 58/83/80 72/90/80 73/92/80
f 65/67/81 81/93/81 66/68/81
f 59/69/82 73/92/82 74/94/83
f 52/71/84 82/95/84 67/96/84
f 308/97/85 66/68/85 81/93/85
f 59/69/86 75/98/86 60/73/86
f 53/74/87 67/96/87 68/99/87
f 60/73/88 76/100/88 61/75/88
f 54/76/89 68/99/89 69/84/89
f 62/77/90 76/100/90 77/86/90
f 74/94/91 89/101/91 90/102/92
f 67/96/93 82/103/93 83/104/93
f 308/105/94 81/93/94 97/106/94
f 74/94/95 91/107/95 75/98/96
f 67/96/97 84/108/98 68/99/98
f 76/100/99 91/107/99 92/109/99
f 68/99/100 85/110/100 69/84/101
f 76/100/102 93/111/102 77/86/102
f 69/84/103 86/112/103 70/85/103
f 78/87/104 93/111/104 94/113/104
f 70/85/105 87/114/105 71/88/105
f 79/89/106 94/113/106 95/115/106
f 72/90/107 87/114/107 88/116/107
f 80/91/108 95/115/108 96/117/108
f 72/90/109 89/101/109 73/92/109
f 81/93/110 96/117/111 97/106/110
f 93/111/112 109/118/112 94/113/112
f 87/114/113 101/119/113 102/120/113
f 94/113/114 110/121/114 95/115/114
f 88/116/115 102/120/115 103/122/115
f 95/115/116 111/123/117 96/117/117
f 89/101/118 103/122/118 104/124/118
f 97/106/119 111/123/119 112/125/119
f 89/101/120 105/126/120 90/102/120
f 83/104/121 82/127/121 98/128/121
f 308/129/122 97/106/122 112/125/122
f 91/107/123 105/126/123 106/130/123
f 83/104/124 99/131/124 84/108/124
f 91/107/125 107/132/125 92/109/125
f 85/110/126 99/131/126 100/133/126
f 92/109/127 108/134/127 93/111/127
f 86/112/128 100/133/128 101/119/128
f 308/135/129 112/125/129 127/136/129
f 106/130/130 120/137/130 121/138/130
f 99/131/131 113/139/131 114/140/131
f 106/130/132 122/141/132 107/132/132
f 99/131/133 115/142/133 100/133/133
f 107/132/134 123/143/134 108/134/134
f 100/133/135 116/144/135 101/119/135
f 109/118/136 123/143/136 124/145/136
f 101/119/137 117/146/137 102/120/137
f 110/121/138 124/145/138 125/147/138
f 103/122/139 117/146/139 118/148/139
f 111/123/140 125/147/140 126/149/140
f 104/124/141 118/148/141 119/150/141
f 111/123/142 127/136/142 112/125/142
f 104/124/143 120/137/143 105/126/144
f 98/128/145 82/151/145 113/139/145
f 124/145/146 140/152/146 125/147/146
f 117/146/147 133/153/147 118/148/147
f 125/147/148 141/154/148 126/149/148
f 119/150/149 133/153/149 134/155/149
f 127/136/150 141/154/150 142/156/150
f 119/150/151 135/157/151 120/137/151
f 113/139/152 82/158/152 128/159/152
f 308/160/153 127/136/153 142/156/153
f 121/138/154 135/157/154 136/161/154
f 113/139/155 129/162/155 114/140/155
f 121/138/156 137/163/156 122/141/156
f 115/142/157 129/162/157 130/164/157
f 123/143/158 137/163/158 138/165/158
f 116/144/159 130/164/159 131/166/159
f 123/143/160 139/167/160 124/145/160
f 117/146/161 131/166/161 132/168/161
f 129/162/162 143/169/162 144/170/162
f 136/161/163 152/171/163 137/163/163
f 129/162/164 145/172/164 130/164/164
f 138/165/165 152/171/165 153/173/166
f 130/164/167 146/174/167 131/166/167
f 139/167/168 153/173/168 154/175/168
f 131/166/169 147/176/169 132/168/169
f 140/152/170 154/175/170 155/177/170
f 132/168/171 148/178/171 133/153/171
f 141/154/172 155/177/173 156/179/172
f 134/155/174 148/178/174 149/180/174
f 141/154/175 157/181/175 142/156/175
f 134/155/176 150/182/176 135/157/176
f 128/159/177 82/183/177 143/169/177
f 308/184/178 142/156/178 157/181/178
f 136/161/179 150/182/179 151/185/179
f 147/176/180 163/186/180 148/178/180
f 155/177/181 171/187/181 156/179/181
f 149/180/182 163/186/182 164/188/182
f 156/179/183 172/189/184 157/181/184
f 149/180/185 165/190/185 150/182/185
f 143/169/186 82/191/186 158/192/186
f 308/193/187 157/181/187 172/189/187
f 151/185/188 165/190/188 166/194/189
f 144/170/190 158/192/191 159/195/190
f 151/185/192 167/196/192 152/171/192
f 145/172/193 159/195/193 160/197/194
f 153/173/195 167/196/195 168/198/195
f 146/174/196 160/197/196 161/199/196
f 153/173/197 169/200/197 154/175/197
f 147/176/198 161/199/198 162/201/198
f 154/175/199 170/202/199 155/177/199
f 167/196/200 181/203/200 182/204/200
f 159/195/201 175/205/201 160/197/201
f 168/198/202 182/204/202 183/206/203
f 160/197/204 176/207/204 161/199/204
f 168/198/205 184/208/205 169/200/205
f 162/201/206 176/207/206 177/209/207
f 170/202/208 184/208/208 185/210/208
f 162/201/209 178/211/209 163/186/209
f 171/187/210 185/210/210 186/212/210
f 163/186/211 179/213/211 164/188/211
f 172/189/212 186/212/212 187/214/212
f 164/188/213 180/215/213 165/190/213
f 158/192/214 82/216/214 173/217/214
f 308/218/215 172/189/215 187/214/215
f 166/194/216 180/215/216 181/203/216
f 158/192/217 174/219/217 159/195/217
f 185/210/218 201/220/218 186/212/218
f 179/213/219 193/221/219 194/222/219
f 186/212/220 202/223/220 187/214/220
f 179/213/221 195/224/221 180/215/221
f 173/217/222 82/225/222 188/226/222
f 308/227/223 187/214/223 202/223/223
f 181/203/224 195/224/224 196/228/224
f 174/219/225 188/226/225 189/229/225
f 181/203/226 197/230/226 182/204/226
f 175/205/227 189/229/227 190/231/227
f 182/204/228 198/232/228 183/206/229
f 176/207/230 190/231/230 191/233/230
f 184/208/231 198/232/231 199/234/231
f 176/207/232 192/235/232 177/209/233
f 184/208/234 200/236/234 185/210/234
f 178/211/235 192/235/235 193/221/235
f 189/229/236 205/237/236 190/231/237
f 197/230/238 213/238/238 198/232/238
f 190/231/239 206/239/239 191/233/239
f 199/234/240 213/238/240 214/240/240
f 191/233/241 207/241/241 192/235/241
f 200/236/242 214/240/242 215/242/242
f 193/221/243 207/241/243 208/243/243
f 201/220/244 215/242/244 216/244/244
f 194/222/245 208/243/245 209/245/245
f 202/223/246 216/244/247 217/246/246
f 194/222/248 210/247/248 195/224/249
f 188/226/250 82/248/250 203/249/250
f 308/250/251 202/223/251 217/246/251
f 196/228/252 210/247/252 211/251/252
f 188/226/253 204/252/254 189/229/254
f 196/228/255 212/253/255 197/230/255
f 209/245/256 223/254/256 224/255/256
f 217/246/257 231/256/257 232/257/257
f 209/245/258 225/258/258 210/247/258
f 203/249/259 82/259/259 218/260/259
f 308/261/260 217/246/260 232/257/260
f 211/251/261 225/258/261 226/262/261
f 203/249/262 219/263/262 204/252/262
f 211/251/263 227/264/263 212/253/263
f 204/252/264 220/265/264 205/237/264
f 212/253/265 228/266/265 213/238/266
f 206/239/267 220/265/267 221/267/267
f 213/238/268 229/268/268 214/240/268
f 207/241/269 221/267/269 222/269/269
f 214/240/270 230/270/270 215/242/270
f 208/243/271 222/269/271 223/254/272
f 216/244/273 230/270/274 231/256/273
f 227/264/275 243/271/275 228/266/275
f 221/267/276 235/272/276 236/273/276
f 229/268/277 243/271/277 244/274/277
f 221/267/278 237/275/278 222/269/278
f 229/268/279 245/276/279 230/270/279
f 223/254/280 237/275/280 238/277/280
f 230/270/281 246/278/281 231/256/281
f 224/255/282 238/277/282 239/279/282
f 231/256/283 247/280/283 232/257/283
f 224/255/284 240/281/284 225/258/284
f 218/260/285 82/282/285 233/283/285
f 308/284/286 232/257/286 247/280/286
f 226/262/287 240/281/287 241/285/287
f 219/263/288 233/283/288 234/286/288
f 226/262/289 242/287/289 227/264/289
f 220/265/290 234/286/290 235/272/290
f 247/280/291 261/288/291 262/289/291
f 239/279/292 255/290/292 240/281/292
f 233/283/293 82/291/293 248/292/293
f 308/293/294 247/280/294 262/289/294
f 241/285/295 255/290/295 256/294/296
f 233/283/297 249/295/297 234/286/297
f 241/285/298 257/296/298 242/287/298
f 234/286/299 250/297/299 235/272/299
f 243/271/300 257/296/300 258/298/300
f 235/272/301 251/299/301 236/273/301
f 243/271/302 259/300/302 244/274/302
f 237/275/303 251/299/303 252/301/303
f 245/276/304 259/300/304 260/302/304
f 237/275/305 253/303/305 238/277/305
f 246/278/306 260/302/306 261/288/306
f 239/279/307 253/303/307 254/304/307
f 259/300/308 273/305/308 274/306/308
f 251/299/309 267/307/309 252/301/309
f 260/302/310 274/306/310 275/308/310
f 252/301/311 268/309/311 253/303/312
f 260/302/313 276/310/314 261/288/314
f 254/304/315 268/309/315 269/311/315
f 261/288/316 277/312/316 262/289/316
f 254/304/317 270/313/317 255/290/318
f 248/292/319 82/314/319 263/315/319
f 308/316/320 262/289/320 277/312/320
f 256/294/321 270/313/321 271/317/321
f 249/295/322 263/315/322 264/318/322
f 256/294/323 272/319/323 257/296/323
f 250/297/324 264/318/324 265/320/324
f 258/298/325 272/319/325 273/305/325
f 250/297/326 266/321/326 251/299/326
f 263/315/327 82/322/327 278/323/327
f 308/324/328 277/312/328 292/325/328
f 271/317/329 285/326/329 286/327/330
f 264/318/331 278/323/332 279/328/331
f 271/317/333 287/329/333 272/319/333
f 265/320/334 279/328/334 280/330/335
f 272/319/336 288/331/336 273/305/336
f 266/321/337 280/330/337 281/332/337
f 273/305/338 289/333/338 274/306/338
f 267/307/339 281/332/339 282/334/339
f 274/306/340 290/335/340 275/308/340
f 268/309/341 282/334/341 283/336/341
f 275/308/342 291/337/342 276/310/342
f 269/311/343 283/336/343 284/338/343
f 276/310/344 292/325/345 277/312/345
f 269/311/346 285/326/346 270/313/346
f 281/332/347 297/339/347 282/334/348
f 289/333/349 305/340/349 290/335/349
f 282/334/350 298/341/350 283/336/350
f 291/337/351 305/340/351 306/342/351
f 283/336/352 299/343/352 284/338/352
f 292/325/353 306/342/353 307/344/353
f 284/338/354 300/345/354 285/326/355
f 278/323/356 82/346/356 293/347/356
f 308/348/357 292/325/357 307/344/357
f 286/327/358 300/345/358 301/349/358
f 278/323/359 294/350/359 279/328/359
f 287/329/360 301/349/360 302/351/360
f 279/328/361 295/352/361 280/330/361
f 288/331/362 302/351/362 303/353/363
f 281/332/364 295/352/364 296/354/364
f 289/333/365 303/353/365 304/355/365
f 301/349/366 316/356/366 317/357/366
f 294/350/367 309/358/367 310/359/367
f 301/349/368 318/360/368 302/351/368
f 295/352/369 310/359/369 311/361/369
f 302/351/370 319/362/370 303/353/371
f 296/354/372 311/361/372 312/363/372
f 304/355/373 319/362/373 320/364/373
f 296/354/374 313/365/374 297/339/375
f 304/355/376 321/366/376 305/340/376
f 298/341/377 313/365/377 314/367/377
f 305/340/378 322/368/378 306/342/378
f 299/343/379 314/367/379 315/369/379
f 306/342/380 323/370/380 307/344/380
f 299/343/381 316/356/381 300/345/381
f 293/347/382 82/371/382 309/358/382
f 308/372/383 307/344/383 323/370/383
f 321/366/384 335/373/384 336/374/384
f 313/365/385 329/375/385 314/367/385
f 322/368/386 336/374/386 337/376/386
f 315/369/387 329/375/387 330/377/387
f 323/370/388 337/376/389 338/378/388
f 315/369/390 331/379/390 316/356/391
f 309/358/392 82/380/392 324/381/392
f 308/382/393 323/370/393 338/378/393
f 317/357/394 331/379/394 332/383/394
f 309/358/395 325/384/396 310/359/396
f 317/357/397 333/385/397 318/360/397
f 310/359/398 326/386/398 311/361/399
f 319/362/400 333/385/400 334/387/400
f 311/361/401 327/388/401 312/363/401
f 320/364/402 334/387/402 335/373/402
f 312/363/403 328/389/403 313/365/403
f 324/381/404 340/390/404 325/384/404
f 332/383/405 348/391/405 333/385/405
f 325/384/406 341/392/406 326/386/406
f 334/387/407 348/391/407 349/393/407
f 327/388/408 341/392/408 342/394/408
f 334/387/409 350/395/409 335/373/409
f 328/389/410 342/394/410 343/396/410
f 335/373/411 351/397/411 336/374/411
f 328/389/412 344/398/412 329/375/412
f 337/376/413 351/397/414 352/399/413
f 330/377/415 344/398/415 345/400/415
f 338/378/416 352/399/416 353/401/416
f 330/377/417 346/402/417 331/379/417
f 324/381/418 82/403/418 339/404/418
f 308/405/419 338/378/419 353/401/419
f 332/383/420 346/402/420 347/406/420
f 343/396/421 359/407/421 344/398/421
f 351/397/422 367/408/422 352/399/422
f 345/400/423 359/407/423 360/409/423
f 352/399/424 368/410/424 353/401/424
f 345/400/425 361/411/425 346/402/426
f 339/404/427 82/412/427 354/413/427
f 308/414/428 353/401/428 368/410/428
f 347/406/429 361/411/429 362/415/429
f 340/390/430 354/413/430 355/416/430
f 347/406/431 363/417/431 348/391/431
f 341/392/432 355/416/432 356/418/432
f 349/393/433 363/417/433 364/419/433
f 342/394/434 356/418/434 357/420/434
f 349/393/435 365/421/435 350/395/435
f 343/396/436 357/420/436 358/422/436
f 350/395/437 366/423/437 351/397/437
f 362/424/438 378/425/438 363/426/438
f 355/427/439 371/428/439 356/429/439
f 364/430/440 378/425/440 379/431/440
f 356/429/441 372/432/441 357/433/441
f 364/430/442 380/434/442 365/435/442
f 358/436/443 372/432/443 373/437/443
f 366/438/444 380/434/444 381/439/444
f 358/436/445 374/440/445 359/441/445
f 367/442/446 381/439/446 382/443/446
f 360/444/447 374/440/447 375/445/447
f 368/446/448 382/443/448 383/447/448
f 360/444/449 376/448/449 361/449/450
f 354/450/451 82/451/451 369/452/451
f 308/453/452 368/446/452 383/447/452
f 362/424/453 376/448/453 377/454/453
f 354/450/454 370/455/454 355/427/454
f 381/439/455 397/456/456 382/443/456
f 375/445/457 389/457/457 390/458/457
f 382/443/458 398/459/458 383/447/458
f 375/445/459 391/460/459 376/448/459
f 369/452/460 82/461/460 384/462/460
f 308/463/461 383/447/461 398/459/461
f 377/454/462 391/460/462 392/464/463
f 370/455/464 384/462/464 385/465/464
f 377/454/465 393/466/465 378/425/465
f 371/428/466 385/465/466 386/467/466
f 379/431/467 393/466/467 394/468/467
f 371/428/468 387/469/468 372/432/468
f 380/434/469 394/468/469 395/470/469
f 372/432/470 388/471/470 373/437/470
f 381/439/471 395/470/471 396/472/471
f 373/437/472 389/457/472 374/440/472
f 393/466/473 409/473/473 394/468/473
f 386/467/474 402/474/474 387/469/474
f 394/468/475 410/475/475 395/470/475
f 388/471/476 402/474/476 403/476/476
f 396/472/477 410/475/477 411/477/477
f 389/457/478 403/476/478 404/478/478
f 396/472/479 412/479/479 397/456/479
f 390/458/480 404/478/480 405/480/480
f 398/459/481 412/479/481 413/481/481
f 391/460/482 405/480/482 406/482/483
f 384/462/484 82/483/484 399/484/484
f 308/485/485 398/459/485 413/481/485
f 391/460/486 407/486/486 392/464/487
f 384/462/488 400/487/488 385/465/488
f 392/464/489 408/488/489 393/466/489
f 386/467/490 400/487/490 401/489/490
f 413/481/491 427/490/491 428/491/491
f 406/482/492 420/492/492 421/493/492
f 399/484/493 82/494/493 414/495/493
f 308/496/494 413/481/494 428/491/494
f 406/482/495 422/497/495 407/486/496
f 399/484/497 415/498/497 400/487/497
f 408/488/498 422/497/498 423/499/498
f 401/489/499 415/498/499 416/500/499
f 409/473/500 423/499/500 424/501/501
f 401/489/502 417/502/502 402/474/502
f 410/475/503 424/501/503 425/503/503
f 402/474/504 418/504/504 403/476/505
f 411/477/506 425/503/506 426/505/506
f 403/476/507 419/506/507 404/478/507
f 411/477/508 427/490/508 412/479/508
f 404/478/509 420/492/509 405/480/509
f 417/502/510 431/507/510 432/508/510
f 424/501/511 440/509/511 425/503/511
f 418/504/512 432/508/512 433/510/512
f 425/503/513 441/511/513 426/505/513
f 418/504/514 434/512/514 419/506/514
f 426/505/515 442/513/515 427/490/516
f 420/492/517 434/512/517 435/514/517
f 427/490/518 443/515/518 428/491/518
f 420/492/519 436/516/519 421/493/519
f 414/495/520 82/517/520 429/518/520
f 308/519/521 428/491/521 443/515/521
f 422/497/522 436/516/522 437/520/522
f 415/498/523 429/518/523 430/521/523
f 422/497/524 438/522/524 423/499/524
f 416/500/525 430/521/525 431/507/525
f 424/501/526 438/522/526 439/523/526
f 435/514/527 451/524/527 436/516/528
f 429/518/529 82/525/529 444/526/529
f 308/527/530 443/515/530 458/528/530
f 437/520/531 451/524/531 452/529/532
f 429/518/533 445/530/533 430/521/533
f 437/520/534 453/531/534 438/522/534
f 430/521/535 446/532/535 431/507/536
f 439/523/537 453/531/537 454/533/537
f 431/507/538 447/534/538 432/508/538
f 439/523/539 455/535/539 440/509/539
f 433/510/540 447/534/540 448/536/540
f 441/511/541 455/535/541 456/537/541
f 433/510/542 449/538/542 434/512/542
f 442/513/543 456/537/543 457/539/543
f 435/514/544 449/538/544 450/540/544
f 443/515/545 457/539/545 458/528/545
f 454/533/546 470/541/546 455/535/546
f 448/536/547 462/542/547 463/543/547
f 456/537/548 470/541/548 471/544/548
f 448/536/549 464/545/549 449/538/549
f 457/539/550 471/544/551 472/546/550
f 450/540/552 464/545/552 465/547/552
f 458/528/553 472/546/553 473/548/553
f 450/540/554 466/549/554 451/524/554
f 444/526/555 82/550/555 459/551/555
f 308/552/556 458/528/556 473/548/556
f 452/529/557 466/549/557 467/553/558
f 444/526/559 460/554/559 445/530/559
f 452/529/560 468/555/560 453/531/560
f 445/530/561 461/556/561 446/532/561
f 454/533/562 468/555/562 469/557/562
f 446/532/563 462/542/563 447/534/563
f 459/551/564 82/558/564 474/4/564
f 308/559/565 473/548/565 482/8/565
f 467/553/566 4/1/566 5/11/566
f 460/554/567 474/4/567 475/13/567
f 467/553/568 478/14/568 468/555/568
f 461/556/569 475/13/569 1/16/569
f 469/557/570 478/14/570 6/18/570
f 461/556/571 476/20/571 462/542/571
f 469/557/572 479/23/572 470/541/572
f 463/543/573 476/20/573 2/24/573
f 471/544/574 479/23/574 480/27/574
f 463/543/575 477/29/575 464/545/575
f 471/544/576 481/31/576 472/546/576
f 465/547/577 477/29/577 3/32/577
f 472/546/578 482/8/578 473/548/578
f 465/547/579 4/1/579 466/549/579
f 4/1/1 3/32/1 13/2/1
f 4/1/5 14/3/5 15/10/5
f 474/4/6 7/6/6 8/12/6
f 478/14/7 5/11/7 15/10/7
f 1/16/8 475/13/8 8/12/8
f 6/18/9 478/14/9 16/15/9
f 476/20/10 1/16/10 9/17/10
f 6/18/11 17/19/11 18/22/11
f 2/24/12 476/20/12 10/21/12
f 479/23/13 18/22/13 19/26/13
f 2/24/14 11/25/14 12/28/14
f 480/27/15 19/26/15 20/30/15
f 477/29/16 12/28/16 13/2/16
f 482/8/17 481/31/17 20/30/17
f 12/28/18 27/48/18 28/33/18
f 20/30/19 35/49/19 36/34/19
f 14/3/20 13/2/20 28/33/20
f 14/3/23 29/35/23 30/39/23
f 8/12/25 7/6/25 22/37/25
f 16/15/26 15/10/26 30/39/26
f 8/12/27 23/40/27 24/42/27
f 17/19/28 16/15/28 31/41/28
f 9/17/30 24/42/30 25/44/30
f 18/22/31 17/19/31 32/43/31
f 10/21/32 25/44/32 26/46/32
f 19/26/33 18/22/33 33/45/33
f 11/25/34 26/46/34 27/48/34
f 20/30/35 19/26/36 34/47/36
f 32/43/37 31/41/37 46/50/37
f 25/44/38 24/42/38 39/52/38
f 32/43/39 47/51/39 48/54/39
f 26/46/40 25/44/40 40/53/40
f 33/45/41 48/54/41 49/56/41
f 26/46/42 41/55/42 42/57/42
f 34/47/43 49/56/43 50/58/43
f 28/33/44 27/48/44 42/57/44
f 35/49/45 50/58/45 51/60/45
f 28/33/46 43/59/580 44/61/46
f 30/39/49 29/35/581 44/61/49
f 23/40/50 22/37/50 37/63/50
f 30/39/51 45/65/51 46/50/51
f 24/42/52 23/40/52 38/66/52
f 51/60/54 50/58/54 65/67/54
f 43/59/55 58/83/55 59/69/55
f 45/65/58 44/61/58 59/69/58
f 37/63/59 52/71/59 53/74/59
f 46/50/60 45/65/60 60/73/60
f 38/66/61 53/74/61 54/76/61
f 47/51/62 46/50/62 61/75/62
f 39/52/64 54/76/64 55/78/64
f 47/51/65 62/77/582 63/79/65
f 41/55/66 40/53/583 55/78/66
f 49/56/68 48/54/68 63/79/68
f 41/55/69 56/80/584 57/82/69
f 50/58/70 49/56/70 64/81/70
f 42/57/72 57/82/72 58/83/72
f 55/78/73 54/76/73 69/84/73
f 63/79/74 62/77/585 77/86/74
f 55/78/75 70/85/75 71/88/75
f 63/79/77 78/87/77 79/89/77
f 56/80/78 71/88/78 72/90/78
f 64/81/79 79/89/586 80/91/79
f 58/83/80 57/82/80 72/90/80
f 65/67/81 80/91/81 81/93/81
f 59/69/82 58/83/82 73/92/82
f 59/69/86 74/94/86 75/98/86
f 53/74/87 52/71/87 67/96/87
f 60/73/88 75/98/88 76/100/88
f 54/76/89 53/74/89 68/99/89
f 62/77/90 61/75/90 76/100/90
f 74/94/91 73/92/91 89/101/91
f 74/94/95 90/102/95 91/107/95
f 67/96/97 83/104/97 84/108/98
f 76/100/99 75/98/99 91/107/99
f 68/99/100 84/108/100 85/110/100
f 76/100/102 92/109/102 93/111/102
f 69/84/103 85/110/103 86/112/103
f 78/87/104 77/86/104 93/111/104
f 70/85/105 86/112/105 87/114/105
f 79/89/106 78/87/106 94/113/106
f 72/90/107 71/88/107 87/114/107
f 80/91/108 79/89/108 95/115/108
f 72/90/109 88/116/109 89/101/109
f 81/93/110 80/91/111 96/117/111
f 93/111/112 108/134/112 109/118/112
f 87/114/113 86/112/113 101/119/113
f 94/113/114 109/118/114 110/121/114
f 88/116/115 87/114/587 102/120/115
f 95/115/116 110/121/116 111/123/117
f 89/101/118 88/116/118 103/122/118
f 97/106/119 96/117/119 111/123/119
f 89/101/120 104/124/588 105/126/120
f 91/107/123 90/102/123 105/126/123
f 83/104/124 98/128/124 99/131/124
f 91/107/125 106/130/125 107/132/125
f 85/110/126 84/108/126 99/131/126
f 92/109/127 107/132/127 108/134/127
f 86/112/128 85/110/128 100/133/128
f 106/130/130 105/126/130 120/137/130
f 99/131/131 98/128/131 113/139/131
f 106/130/132 121/138/132 122/141/132
f 99/131/133 114/140/133 115/142/133
f 107/132/134 122/141/134 123/143/134
f 100/133/135 115/142/135 116/144/135
f 109/118/136 108/134/136 123/143/136
f 101/119/137 116/144/137 117/146/137
f 110/121/138 109/118/138 124/145/138
f 103/122/139 102/120/139 117/146/139
f 111/123/140 110/121/140 125/147/140
f 104/124/141 103/122/141 118/148/141
f 111/123/142 126/149/142 127/136/142
f 104/124/143 119/150/143 120/137/143
f 124/145/146 139/167/146 140/152/146
f 117/146/147 132/168/147 133/153/147
f 125/147/148 140/152/148 141/154/148
f 119/150/149 118/148/149 133/153/149
f 127/136/150 126/149/150 141/154/150
f 119/150/151 134/155/589 135/157/151
f 121/138/154 120/137/154 135/157/154
f 113/139/155 128/159/155 129/162/155
f 121/138/156 136/161/156 137/163/156
f 115/142/157 114/140/157 129/162/157
f 123/143/158 122/141/158 137/163/158
f 116/144/159 115/142/159 130/164/159
f 123/143/160 138/165/160 139/167/160
f 117/146/161 116/144/161 131/166/161
f 129/162/162 128/159/162 143/169/162
f 136/161/163 151/185/163 152/171/163
f 129/162/164 144/170/164 145/172/164
f 138/165/165 137/163/165 152/171/165
f 130/164/167 145/172/167 146/174/167
f 139/167/168 138/165/168 153/173/168
f 131/166/169 146/174/169 147/176/169
f 140/152/170 139/167/170 154/175/170
f 132/168/171 147/176/590 148/178/171
f 141/154/172 140/152/173 155/177/173
f 134/155/174 133/153/174 148/178/174
f 141/154/175 156/179/175 157/181/175
f 134/155/176 149/180/591 150/182/176
f 136/161/179 135/157/592 150/182/179
f 147/176/180 162/201/180 163/186/180
f 155/177/181 170/202/181 171/187/181
f 149/180/182 148/178/182 163/186/182
f 156/179/183 171/187/183 172/189/184
f 149/180/185 164/188/593 165/190/185
f 151/185/188 150/182/188 165/190/188
f 144/170/190 143/169/191 158/192/191
f 151/185/192 166/194/192 167/196/192
f 145/172/193 144/170/193 159/195/193
f 153/173/195 152/171/195 167/196/195
f 146/174/196 145/172/196 160/197/196
f 153/173/197 168/198/197 169/200/197
f 147/176/198 146/174/198 161/199/198
f 154/175/199 169/200/199 170/202/199
f 167/196/200 166/194/200 181/203/200
f 159/195/201 174/219/201 175/205/201
f 168/198/202 167/196/202 182/204/202
f 160/197/204 175/205/204 176/207/204
f 168/198/205 183/206/594 184/208/205
f 162/201/206 161/199/206 176/207/206
f 170/202/208 169/200/208 184/208/208
f 162/201/209 177/209/595 178/211/209
f 171/187/210 170/202/596 185/210/210
f 163/186/211 178/211/211 179/213/211
f 172/189/212 171/187/212 186/212/212
f 164/188/213 179/213/213 180/215/213
f 166/194/216 165/190/216 180/215/216
f 158/192/217 173/217/217 174/219/217
f 185/210/218 200/236/597 201/220/218
f 179/213/219 178/211/219 193/221/219
f 186/212/220 201/220/220 202/223/220
f 179/213/221 194/222/598 195/224/221
f 181/203/224 180/215/224 195/224/224
f 174/219/225 173/217/225 188/226/225
f 181/203/226 196/228/226 197/230/226
f 175/205/227 174/219/227 189/229/227
f 182/204/228 197/230/228 198/232/228
f 176/207/230 175/205/230 190/231/230
f 184/208/231 183/206/599 198/232/231
f 176/207/232 191/233/232 192/235/232
f 184/208/234 199/234/234 200/236/234
f 178/211/235 177/209/600 192/235/235
f 189/229/236 204/252/236 205/237/236
f 197/230/238 212/253/238 213/238/238
f 190/231/239 205/237/239 206/239/239
f 199/234/240 198/232/240 213/238/240
f 191/233/241 206/239/241 207/241/241
f 200/236/242 199/234/242 214/240/242
f 193/221/243 192/235/243 207/241/243
f 201/220/244 200/236/244 215/242/244
f 194/222/245 193/221/245 208/243/245
f 202/223/246 201/220/247 216/244/247
f 194/222/248 209/245/248 210/247/248
f 196/228/252 195/224/601 210/247/252
f 188/226/253 203/249/253 204/252/254
f 196/228/255 211/251/255 212/253/255
f 209/245/256 208/243/256 223/254/256
f 217/246/257 216/244/257 231/256/257
f 209/245/258 224/255/258 225/258/258
f 211/251/261 210/247/261 225/258/261
f 203/249/262 218/260/262 219/263/262
f 211/251/263 226/262/263 227/264/263
f 204/252/264 219/263/264 220/265/264
f 212/253/265 227/264/265 228/266/265
f 206/239/267 205/237/267 220/265/267
f 213/238/268 228/266/268 229/268/268
f 207/241/269 206/239/602 221/267/269
f 214/240/270 229/268/270 230/270/270
f 208/243/271 207/241/271 222/269/271
f 216/244/273 215/242/274 230/270/274
f 227/264/275 242/287/275 243/271/275
f 221/267/276 220/265/276 235/272/276
f 229/268/277 228/266/277 243/271/277
f 221/267/278 236/273/278 237/275/278
f 229/268/279 244/274/279 245/276/279
f 223/254/280 222/269/280 237/275/280
f 230/270/281 245/276/281 246/278/281
f 224/255/282 223/254/282 238/277/282
f 231/256/283 246/278/283 247/280/283
f 224/255/284 239/279/284 240/281/284
f 226/262/287 225/258/287 240/281/287
f 219/263/288 218/260/288 233/283/288
f 226/262/289 241/285/289 242/287/289
f 220/265/290 219/263/290 234/286/290
f 247/280/291 246/278/291 261/288/291
f 239/279/603 254/304/603 255/290/603
f 241/285/295 240/281/295 255/290/295
f 233/283/297 248/292/297 249/295/297
f 241/285/298 256/294/298 257/296/298
f 234/286/299 249/295/299 250/297/299
f 243/271/300 242/287/300 257/296/300
f 235/272/301 250/297/301 251/299/301
f 243/271/302 258/298/302 259/300/302
f 237/275/303 236/273/303 251/299/303
f 245/276/304 244/274/304 259/300/304
f 237/275/305 252/301/305 253/303/305
f 246/278/306 245/276/306 260/302/306
f 239/279/307 238/277/307 253/303/307
f 259/300/308 258/298/308 273/305/308
f 251/299/309 266/321/604 267/307/309
f 260/302/310 259/300/310 274/306/310
f 252/301/311 267/307/311 268/309/311
f 260/302/313 275/308/313 276/310/314
f 254/304/315 253/303/315 268/309/315
f 261/288/316 276/310/316 277/312/316
f 254/304/317 269/311/317 270/313/317
f 256/294/321 255/290/605 270/313/321
f 249/295/322 248/292/322 263/315/322
f 256/294/323 271/317/323 272/319/323
f 250/297/324 249/295/324 264/318/324
f 258/298/325 257/296/325 272/319/325
f 250/297/326 265/320/326 266/321/326
f 271/317/329 270/313/329 285/326/329
f 264/318/331 263/315/332 278/323/332
f 271/317/333 286/327/333 287/329/333
f 265/320/334 264/318/334 279/328/334
f 272/319/336 287/329/336 288/331/336
f 266/321/337 265/320/337 280/330/337
f 273/305/338 288/331/338 289/333/338
f 267/307/339 266/321/606 281/332/339
f 274/306/340 289/333/340 290/335/340
f 268/309/341 267/307/341 282/334/341
f 275/308/342 290/335/342 291/337/342
f 269/311/343 268/309/343 283/336/343
f 276/310/344 291/337/344 292/325/345
f 269/311/346 284/338/607 285/326/346
f 281/332/347 296/354/347 297/339/347
f 289/333/349 304/355/349 305/340/349
f 282/334/350 297/339/608 298/341/350
f 291/337/351 290/335/609 305/340/351
f 283/336/352 298/341/352 299/343/352
f 292/325/353 291/337/353 306/342/353
f 284/338/354 299/343/354 300/345/354
f 286/327/358 285/326/358 300/345/358
f 278/323/359 293/347/359 294/350/359
f 287/329/360 286/327/360 301/349/360
f 279/328/361 294/350/361 295/352/361
f 288/331/362 287/329/362 302/351/362
f 281/332/364 280/330/364 295/352/364
f 289/333/365 288/331/365 303/353/365
f 301/349/366 300/345/366 316/356/366
f 294/350/367 293/347/367 309/358/367
f 301/349/368 317/357/368 318/360/368
f 295/352/369 294/350/369 310/359/369
f 302/351/370 318/360/370 319/362/370
f 296/354/372 295/352/372 311/361/372
f 304/355/373 303/353/610 319/362/373
f 296/354/374 312/363/374 313/365/374
f 304/355/376 320/364/376 321/366/376
f 298/341/377 297/339/611 313/365/377
f 305/340/378 321/366/612 322/368/378
f 299/343/379 298/341/379 314/367/379
f 306/342/380 322/368/380 323/370/380
f 299/343/381 315/369/613 316/356/381
f 321/366/384 320/364/384 335/373/384
f 313/365/385 328/389/385 329/375/385
f 322/368/386 321/366/386 336/374/386
f 315/369/387 314/367/387 329/375/387
f 323/370/388 322/368/389 337/376/389
f 315/369/390 330/377/390 331/379/390
f 317/357/394 316/356/614 331/379/394
f 309/358/395 324/381/395 325/384/396
f 317/357/397 332/383/397 333/385/397
f 310/359/398 325/384/398 326/386/398
f 319/362/400 318/360/400 333/385/400
f 311/361/401 326/386/401 327/388/401
f 320/364/402 319/362/402 334/387/402
f 312/363/403 327/388/403 328/389/403
f 324/381/404 339/404/404 340/390/404
f 332/383/405 347/406/405 348/391/405
f 325/384/406 340/390/406 341/392/406
f 334/387/407 333/385/407 348/391/407
f 327/388/408 326/386/408 341/392/408
f 334/387/409 349/393/409 350/395/409
f 328/389/410 327/388/410 342/394/410
f 335/373/411 350/395/411 351/397/411
f 328/389/412 343/396/412 344/398/412
f 337/376/413 336/374/414 351/397/414
f 330/377/415 329/375/415 344/398/415
f 338/378/416 337/376/416 352/399/416
f 330/377/417 345/400/417 346/402/417
f 332/383/420 331/379/420 346/402/420
f 343/396/421 358/422/421 359/407/421
f 351/397/422 366/423/422 367/408/422
f 345/400/423 344/398/423 359/407/423
f 352/399/424 367/408/424 368/410/424
f 345/400/425 360/409/425 361/411/425
f 347/406/429 346/402/429 361/411/429
f 340/390/430 339/404/430 354/413/430
f 347/406/431 362/415/431 363/417/431
f 341/392/432 340/390/432 355/416/432
f 349/393/433 348/391/433 363/417/433
f 342/394/434 341/392/434 356/418/434
f 349/393/435 364/419/435 365/421/435
f 343/396/436 342/394/436 357/420/436
f 350/395/437 365/421/437 366/423/437
f 362/424/438 377/454/438 378/425/438
f 355/427/439 370/455/439 371/428/439
f 364/430/440 363/426/440 378/425/440
f 356/429/441 371/428/441 372/432/441
f 364/430/442 379/431/442 380/434/442
f 358/436/443 357/433/443 372/432/443
f 366/438/444 365/435/444 380/434/444
f 358/436/445 373/437/445 374/440/445
f 367/442/446 366/438/446 381/439/446
f 360/444/447 359/441/447 374/440/447
f 368/446/448 367/442/448 382/443/448
f 360/444/449 375/445/449 376/448/449
f 362/424/453 361/449/615 376/448/453
f 354/450/454 369/452/454 370/455/454
f 381/439/455 396/472/455 397/456/456
f 375/445/457 374/440/457 389/457/457
f 382/443/458 397/456/458 398/459/458
f 375/445/459 390/458/616 391/460/459
f 377/454/462 376/448/462 391/460/462
f 370/455/464 369/452/464 384/462/464
f 377/454/465 392/464/465 393/466/465
f 371/428/466 370/455/466 385/465/466
f 379/431/467 378/425/467 393/466/467
f 371/428/468 386/467/468 387/469/468
f 380/434/469 379/431/469 394/468/469
f 372/432/470 387/469/470 388/471/470
f 381/439/471 380/434/471 395/470/471
f 373/437/472 388/471/472 389/457/472
f 393/466/473 408/488/473 409/473/473
f 386/467/474 401/489/474 402/474/474
f 394/468/475 409/473/475 410/475/475
f 388/471/476 387/469/476 402/474/476
f 396/472/477 395/470/477 410/475/477
f 389/457/478 388/471/478 403/476/478
f 396/472/479 411/477/479 412/479/479
f 390/458/480 389/457/480 404/478/480
f 398/459/481 397/456/481 412/479/481
f 391/460/482 390/458/617 405/480/482
f 391/460/486 406/482/618 407/486/486
f 384/462/488 399/484/488 400/487/488
f 392/464/489 407/486/489 408/488/489
f 386/467/490 385/465/490 400/487/490
f 413/481/491 412/479/491 427/490/491
f 406/482/492 405/480/619 420/492/492
f 406/482/495 421/493/495 422/497/495
f 399/484/497 414/495/497 415/498/497
f 408/488/498 407/486/498 422/497/498
f 401/489/499 400/487/499 415/498/499
f 409/473/500 408/488/500 423/499/500
f 401/489/502 416/500/502 417/502/502
f 410/475/503 409/473/620 424/501/503
f 402/474/504 417/502/504 418/504/504
f 411/477/506 410/475/506 425/503/506
f 403/476/507 418/504/621 419/506/507
f 411/477/508 426/505/508 427/490/508
f 404/478/509 419/506/509 420/492/509
f 417/502/510 416/500/510 431/507/510
f 424/501/511 439/523/511 440/509/511
f 418/504/512 417/502/512 432/508/512
f 425/503/513 440/509/513 441/511/513
f 418/504/514 433/510/514 434/512/514
f 426/505/515 441/511/515 442/513/515
f 420/492/517 419/506/517 434/512/517
f 427/490/518 442/513/518 443/515/518
f 420/492/519 435/514/519 436/516/519
f 422/497/522 421/493/522 436/516/522
f 415/498/523 414/495/523 429/518/523
f 422/497/524 437/520/524 438/522/524
f 416/500/525 415/498/525 430/521/525
f 424/501/526 423/499/526 438/522/526
f 435/514/527 450/540/527 451/524/527
f 437/520/531 436/516/531 451/524/531
f 429/518/533 444/526/533 445/530/533
f 437/520/534 452/529/534 453/531/534
f 430/521/535 445/530/535 446/532/535
f 439/523/537 438/522/537 453/531/537
f 431/507/538 446/532/538 447/534/538
f 439/523/539 454/533/539 455/535/539
f 433/510/540 432/508/540 447/534/540
f 441/511/541 440/509/541 455/535/541
f 433/510/542 448/536/542 449/538/542
f 442/513/543 441/511/543 456/537/543
f 435/514/544 434/512/544 449/538/544
f 443/515/545 442/513/545 457/539/545
f 454/533/546 469/557/546 470/541/546
f 448/536/547 447/534/547 462/542/547
f 456/537/548 455/535/548 470/541/548
f 448/536/549 463/543/549 464/545/549
f 457/539/550 456/537/551 471/544/551
f 450/540/552 449/538/552 464/545/552
f 458/528/553 457/539/553 472/546/553
f 450/540/554 465/547/554 466/549/554
f 452/529/557 451/524/557 466/549/557
f 444/526/559 459/551/559 460/554/559
f 452/529/560 467/553/560 468/555/560
f 445/530/561 460/554/561 461/556/561
f 454/533/562 453/531/562 468/555/562
f 446/532/563 461/556/563 462/542/563
f 467/553/566 466/549/566 4/1/566
f 460/554/567 459/551/567 474/4/567
f 467/553/568 5/11/568 478/14/568
f 461/556/569 460/554/569 475/13/569
f 469/557/570 468/555/570 478/14/570
f 461/556/571 1/16/571 476/20/571
f 469/557/572 6/18/572 479/23/572
f 463/543/573 462/542/573 476/20/573
f 471/544/574 470/541/574 479/23/574
f 463/543/575 2/24/575 477/29/575
f 471/544/576 480/27/576 481/31/576
f 465/547/577 464/545/577 477/29/577
f 472/546/578 481/31/578 482/8/578
f 465/547/622 3/32/622 4/1/622
f 484/560/623 485/448/623 483/449/623
f 485/448/624 488/561/624 487/460/624
f 488/561/625 489/482/626 487/460/627
f 490/562/628 491/493/628 489/482/628
f 491/493/629 494/563/629 493/516/629
f 494/563/630 495/524/630 493/516/630
f 496/564/631 497/549/631 495/524/631
f 497/549/632 500/565/632 499/1/632
f 500/565/633 501/3/633 499/1/633
f 501/3/634 504/566/635 503/35/634
f 504/566/636 505/61/637 503/35/637
f 506/567/638 507/69/638 505/61/638
f 507/69/639 510/568/640 509/94/639
f 509/94/641 512/569/642 511/102/641
f 512/569/643 513/126/643 511/102/643
f 513/126/644 516/570/645 515/137/644
f 515/137/646 518/571/647 517/157/646
f 518/571/648 519/182/648 517/157/648
f 519/182/649 522/572/650 521/190/649
f 521/190/651 524/573/652 523/215/651
f 524/573/653 525/224/653 523/215/653
f 525/224/654 528/574/655 527/247/654
f 528/574/656 529/258/656 527/247/656
f 529/258/657 532/575/658 531/281/657
f 531/281/659 534/576/660 533/290/659
f 534/576/661 535/313/661 533/290/661
f 535/313/662 538/577/662 537/326/662
f 538/577/663 539/345/664 537/326/664
f 540/578/665 541/356/666 539/345/666
f 541/356/667 544/579/668 543/379/667
f 492/580/669 490/581/669 508/582/670
f 543/379/671 546/583/672 545/402/671
f 546/583/673 483/411/674 545/402/674
f 541/584/675 543/585/675 521/586/675
f 484/560/623 486/587/623 485/448/623
f 485/448/624 486/587/624 488/561/624
f 488/561/625 490/562/625 489/482/626
f 490/562/628 492/588/628 491/493/628
f 491/493/629 492/588/629 494/563/629
f 494/563/630 496/564/630 495/524/630
f 496/564/631 498/589/631 497/549/631
f 497/549/632 498/589/632 500/565/632
f 500/565/633 502/590/633 501/3/633
f 501/3/634 502/590/635 504/566/635
f 504/566/636 506/567/636 505/61/637
f 506/567/638 508/591/638 507/69/638
f 507/69/639 508/591/640 510/568/640
f 509/94/641 510/568/642 512/569/642
f 512/569/643 514/592/643 513/126/643
f 513/126/644 514/592/645 516/570/645
f 515/137/646 516/570/647 518/571/647
f 518/571/648 520/593/648 519/182/648
f 519/182/649 520/593/676 522/572/650
f 521/190/651 522/572/652 524/573/652
f 524/573/653 526/594/653 525/224/653
f 525/224/654 526/594/655 528/574/655
f 528/574/656 530/595/656 529/258/656
f 529/258/657 530/595/658 532/575/658
f 531/281/659 532/575/660 534/576/660
f 534/576/661 536/596/661 535/313/661
f 535/313/662 536/596/662 538/577/662
f 538/577/663 540/578/663 539/345/664
f 540/578/665 542/597/665 541/356/666
f 541/356/667 542/597/668 544/579/668
f 488/598/669 486/599/669 514/600/669
f 486/599/669 484/601/677 516/602/669
f 484/601/677 546/603/677 518/604/677
f 546/603/677 544/605/669 520/606/677
f 544/605/669 542/607/669 520/606/677
f 542/607/669 540/608/669 522/609/669
f 520/606/677 542/607/669 522/609/669
f 540/608/669 538/610/677 524/611/669
f 538/610/677 536/612/678 526/613/670
f 524/611/669 538/610/677 526/613/670
f 536/612/678 534/614/677 528/615/677
f 534/614/677 532/616/669 528/615/677
f 532/616/669 530/617/669 528/615/677
f 528/615/677 526/613/670 536/612/678
f 524/611/669 522/609/669 540/608/669
f 520/606/677 518/604/677 546/603/677
f 518/604/677 516/602/669 484/601/677
f 516/602/669 514/600/669 486/599/669
f 514/600/669 512/618/669 488/598/669
f 512/618/669 510/619/669 488/598/669
f 510/619/669 508/582/670 490/581/669
f 488/598/669 510/619/669 490/581/669
f 508/582/670 506/620/669 492/580/669
f 506/620/669 504/621/677 494/622/677
f 492/580/669 506/620/669 494/622/677
f 504/621/677 502/623/670 500/624/669
f 500/624/669 498/625/679 504/621/677
f 498/625/679 496/626/669 504/621/677
f 496/626/669 494/622/677 504/621/677
f 543/379/671 544/579/672 546/583/672
f 546/583/673 484/627/673 483/411/674
f 545/628/675 483/629/675 515/630/680
f 483/629/675 485/631/675 513/632/675
f 485/631/675 487/633/675 513/632/675
f 487/633/675 489/634/675 511/635/675
f 513/632/675 487/633/675 511/635/675
f 489/634/675 491/636/680 507/637/680
f 491/636/680 493/638/681 505/639/680
f 493/638/681 495/640/680 505/639/680
f 495/640/680 497/641/682 503/642/683
f 505/639/680 495/640/680 503/642/683
f 497/641/682 499/643/684 501/644/685
f 501/644/685 503/642/683 497/641/682
f 505/639/680 507/637/680 491/636/680
f 507/637/680 509/645/680 489/634/675
f 509/645/680 511/635/675 489/634/675
f 513/632/675 515/630/680 483/629/675
f 515/630/680 517/646/675 545/628/675
f 517/646/675 519/647/675 545/628/675
f 519/647/675 521/586/675 543/585/675
f 545/628/675 519/647/675 543/585/675
f 521/586/675 523/648/680 539/649/680
f 523/648/680 525/650/675 537/651/680
f 525/650/675 527/652/680 537/651/680
f 527/652/680 529/653/686 535/654/675
f 537/651/680 527/652/680 535/654/675
f 529/653/686 531/655/687 533/656/688
f 533/656/688 535/654/675 529/653/686
f 537/651/680 539/649/680 523/648/680
f 539/649/680 541/584/675 521/586/675
f 548/560/689 549/448/689 547/449/689
f 550/587/690 551/460/690 549/448/690
f 552/561/691 553/482/691 551/460/691
f 554/562/692 555/493/692 553/482/692
f 555/493/693 558/563/693 557/516/693
f 557/516/694 560/564/694 559/524/694
f 560/564/695 561/549/695 559/524/695
f 562/589/696 563/1/696 561/549/696
f 564/565/697 565/3/697 563/1/697
f 566/590/698 567/35/698 565/3/698
f 568/566/699 569/61/699 567/35/699
f 569/61/700 572/591/700 571/69/700
f 571/69/701 574/568/701 573/94/701
f 573/94/702 576/569/702 575/102/702
f 576/569/703 577/126/703 575/102/703
f 578/592/704 579/137/704 577/126/704
f 580/570/705 581/157/705 579/137/705
f 582/571/706 583/182/706 581/157/706
f 584/593/707 585/190/707 583/182/707
f 585/190/708 588/573/708 587/215/708
f 588/573/709 589/224/709 587/215/709
f 589/224/710 592/574/710 591/247/710
f 592/574/711 593/258/711 591/247/711
f 594/595/712 595/281/712 593/258/712
f 596/575/713 597/290/713 595/281/713
f 598/576/714 599/313/714 597/290/714
f 600/596/715 601/326/715 599/313/715
f 602/577/716 603/345/716 601/326/716
f 604/578/717 605/356/717 603/345/717
f 605/356/718 608/579/718 607/379/718
f 584/606/719 568/621/719 552/598/719
f 608/579/720 609/402/720 607/379/720
f 610/583/721 547/411/721 609/402/721
f 601/651/722 609/628/722 577/632/722
f 548/560/689 550/587/689 549/448/689
f 550/587/690 552/561/690 551/460/690
f 552/561/691 554/562/691 553/482/691
f 554/562/692 556/588/692 555/493/692
f 555/493/693 556/588/693 558/563/693
f 557/516/694 558/563/694 560/564/694
f 560/564/695 562/589/695 561/549/695
f 562/589/696 564/565/696 563/1/696
f 564/565/697 566/590/697 565/3/697
f 566/590/698 568/566/698 567/35/698
f 568/566/699 570/567/699 569/61/699
f 569/61/700 570/567/700 572/591/700
f 571/69/701 572/591/701 574/568/701
f 573/94/702 574/568/702 576/569/702
f 576/569/703 578/592/703 577/126/703
f 578/592/704 580/570/704 579/137/704
f 580/570/705 582/571/705 581/157/705
f 582/571/706 584/593/706 583/182/706
f 584/593/707 586/572/707 585/190/707
f 585/190/708 586/572/708 588/573/708
f 588/573/709 590/594/709 589/224/709
f 589/224/710 590/594/710 592/574/710
f 592/574/711 594/595/711 593/258/711
f 594/595/712 596/575/712 595/281/712
f 596/575/713 598/576/713 597/290/713
f 598/576/714 600/596/714 599/313/714
f 600/596/715 602/577/715 601/326/715
f 602/577/716 604/578/716 603/345/716
f 604/578/717 606/597/717 605/356/717
f 605/356/718 606/597/718 608/579/718
f 552/598/719 550/599/719 608/605/719
f 550/599/719 548/601/719 608/605/719
f 548/601/719 610/603/719 608/605/719
f 608/605/719 606/607/719 604/608/719
f 604/608/719 602/610/719 600/612/719
f 600/612/719 598/614/719 596/616/719
f 596/616/719 594/617/719 600/612/719
f 594/617/719 592/615/719 600/612/719
f 592/615/719 590/613/719 588/611/719
f 588/611/719 586/609/719 584/606/719
f 584/606/719 582/604/719 576/618/719
f 582/604/719 580/602/719 576/618/719
f 580/602/719 578/600/719 576/618/719
f 576/618/719 574/619/719 572/582/719
f 572/582/719 570/620/719 568/621/719
f 568/621/719 566/623/719 560/626/719
f 566/623/719 564/624/719 560/626/719
f 564/624/719 562/625/719 560/626/719
f 560/626/719 558/622/719 556/580/719
f 556/580/719 554/581/719 552/598/719
f 608/605/719 604/608/719 552/598/719
f 604/608/719 600/612/719 552/598/719
f 592/615/719 588/611/719 600/612/719
f 588/611/719 584/606/719 600/612/719
f 576/618/719 572/582/719 584/606/719
f 572/582/719 568/621/719 584/606/719
f 560/626/719 556/580/719 568/621/719
f 556/580/719 552/598/719 568/621/719
f 552/598/719 600/612/719 584/606/719
f 608/579/720 610/583/720 609/402/720
f 610/583/721 548/627/721 547/411/721
f 609/628/722 547/629/722 553/634/722
f 547/629/722 549/631/722 553/634/722
f 549/631/722 551/633/722 553/634/722
f 553/634/722 555/636/722 561/641/722
f 555/636/722 557/638/722 561/641/722
f 557/638/722 559/640/722 561/641/722
f 561/641/722 563/643/723 569/639/722
f 563/643/723 565/644/722 569/639/722
f 565/644/722 567/642/722 569/639/722
f 569/639/722 571/637/722 573/645/722
f 573/645/722 575/635/722 577/632/722
f 577/632/722 579/630/722 585/586/722
f 579/630/722 581/646/722 585/586/722
f 581/646/722 583/647/722 585/586/722
f 585/586/722 587/648/722 589/650/722
f 589/650/722 591/652/722 593/653/722
f 593/653/722 595/655/722 601/651/722
f 595/655/722 597/656/723 601/651/722
f 597/656/723 599/654/722 601/651/722
f 601/651/722 603/649/722 605/584/722
f 605/584/722 607/585/722 609/628/722
f 569/639/722 573/645/722 561/641/722
f 573/645/722 577/632/722 561/641/722
f 585/586/722 589/650/722 577/632/722
f 589/650/722 593/653/722 577/632/722
f 601/651/722 605/584/722 609/628/722
f 609/628/722 553/634/722 577/632/722
f 553/634/722 561/641/722 577/632/722
f 593/653/722 601/651/722 577/632/722
f 4/1/579 618/3/579 617/2/579
f 474/4/564 611/6/564 82/5/564
f 308/7/565 625/9/565 482/8/565
f 4/1/566 5/11/566 619/10/566
f 474/4/567 475/13/567 612/12/567
f 478/14/568 620/15/568 619/10/568
f 1/16/569 613/17/569 612/12/569
f 6/18/570 621/19/570 620/15/570
f 476/20/571 614/21/571 613/17/571
f 6/18/572 479/23/572 622/22/572
f 2/24/573 615/25/573 614/21/573
f 479/23/574 480/27/574 623/26/574
f 2/24/575 477/29/575 616/28/575
f 480/27/576 481/31/576 624/30/576
f 477/29/577 3/32/577 617/2/577
f 482/8/578 625/9/578 624/30/578
f 616/28/552 617/2/552 632/33/552
f 624/30/553 625/9/553 640/34/553
f 618/3/554 633/35/554 632/33/554
f 611/6/555 626/37/555 82/36/555
f 308/38/556 640/34/556 625/9/556
f 618/3/557 619/10/558 634/39/557
f 612/12/559 627/40/559 626/37/559
f 620/15/560 635/41/560 634/39/560
f 612/12/561 613/17/561 628/42/561
f 621/19/562 636/43/724 635/41/562
f 613/17/563 614/21/563 629/44/563
f 622/22/546 637/45/546 636/43/546
f 614/21/547 615/25/547 630/46/547
f 623/26/548 638/47/548 637/45/548
f 615/25/549 616/28/549 631/48/549
f 624/30/550 639/49/550 638/47/551
f 636/43/537 651/51/537 650/50/537
f 629/44/538 644/53/538 643/52/538
f 636/43/539 637/45/539 652/54/539
f 630/46/540 645/55/540 644/53/540
f 637/45/541 638/47/541 653/56/541
f 630/46/542 631/48/542 646/57/542
f 638/47/543 639/49/543 654/58/543
f 632/33/544 647/59/544 646/57/544
f 639/49/545 640/34/545 655/60/545
f 632/33/527 633/35/527 648/61/527
f 626/37/529 641/63/529 82/62/529
f 308/64/530 655/60/530 640/34/530
f 634/39/531 649/65/531 648/61/531
f 627/40/533 642/66/533 641/63/533
f 634/39/534 635/41/534 650/50/534
f 628/42/535 643/52/536 642/66/535
f 655/60/518 670/68/518 669/67/518
f 647/59/519 648/61/519 663/69/519
f 641/63/520 656/71/520 82/70/520
f 308/72/521 670/68/521 655/60/521
f 649/65/522 664/73/522 663/69/522
f 641/63/523 642/66/523 657/74/523
f 650/50/524 665/75/524 664/73/524
f 642/66/525 643/52/525 658/76/525
f 651/51/526 666/77/725 665/75/526
f 643/52/510 644/53/510 659/78/510
f 651/51/511 652/54/511 667/79/511
f 645/55/726 660/80/727 659/78/726
f 653/56/513 668/81/513 667/79/513
f 645/55/514 646/57/514 661/82/514
f 654/58/515 669/67/516 668/81/515
f 646/57/517 647/59/517 662/83/517
f 659/78/502 674/85/502 673/84/502
f 667/79/503 682/87/503 681/86/503
f 659/78/504 660/80/728 675/88/504
f 667/79/506 668/81/506 683/89/506
f 660/80/507 661/82/507 676/90/507
f 668/81/508 669/67/508 684/91/508
f 662/83/509 677/92/509 676/90/509
f 669/67/491 670/68/491 685/93/491
f 663/69/492 678/94/619 677/92/492
f 656/71/493 671/96/493 82/95/493
f 308/97/494 685/93/494 670/68/494
f 663/69/495 664/73/495 679/98/495
f 657/74/497 672/99/497 671/96/497
f 664/73/498 665/75/498 680/100/498
f 658/76/499 673/84/499 672/99/499
f 666/77/500 681/86/500 680/100/500
f 678/94/482 693/102/617 692/101/482
f 671/96/484 686/104/484 82/103/484
f 308/105/485 700/106/485 685/93/485
f 678/94/487 679/98/486 694/107/487
f 671/96/729 672/99/488 687/108/488
f 680/100/489 695/109/489 694/107/489
f 672/99/490 673/84/730 688/110/490
f 680/100/473 681/86/473 696/111/473
f 673/84/474 674/85/474 689/112/474
f 682/87/475 697/113/475 696/111/475
f 674/85/476 675/88/476 690/114/476
f 683/89/477 698/115/477 697/113/477
f 676/90/478 691/116/478 690/114/478
f 684/91/479 699/117/479 698/115/479
f 676/90/480 677/92/480 692/101/480
f 685/93/731 700/106/731 699/117/481
f 696/111/469 697/113/469 712/118/469
f 690/114/470 705/120/470 704/119/470
f 697/113/471 698/115/471 713/121/471
f 691/116/472 706/122/472 705/120/472
f 698/115/455 699/117/456 714/123/456
f 692/101/457 707/124/457 706/122/457
f 700/106/458 715/125/458 714/123/458
f 692/101/616 693/102/616 708/126/616
f 686/104/460 701/128/460 82/127/460
f 308/129/461 715/125/461 700/106/461
f 694/107/463 709/130/463 708/126/463
f 686/104/464 687/108/464 702/131/464
f 694/107/465 695/109/465 710/132/465
f 688/110/466 703/133/466 702/131/466
f 695/109/467 696/111/467 711/134/467
f 689/112/468 704/119/468 703/133/468
f 308/135/452 730/136/452 715/125/452
f 709/130/615 724/138/615 723/137/615
f 702/131/454 717/140/454 716/139/454
f 709/130/438 710/132/438 725/141/438
f 702/131/439 703/133/439 718/142/439
f 710/132/440 711/134/440 726/143/440
f 703/133/441 704/119/441 719/144/441
f 712/118/442 727/145/442 726/143/442
f 704/119/443 705/120/443 720/146/443
f 713/121/444 728/147/444 727/145/444
f 706/122/445 721/148/445 720/146/445
f 714/123/446 729/149/446 728/147/446
f 707/124/447 722/150/447 721/148/447
f 714/123/448 715/125/448 730/136/448
f 707/124/450 708/126/449 723/137/450
f 701/128/451 716/139/451 82/151/451
f 727/145/437 728/147/437 743/152/437
f 720/146/421 721/148/421 736/153/421
f 728/147/422 729/149/422 744/154/422
f 722/150/423 737/155/423 736/153/423
f 730/136/424 745/156/424 744/154/424
f 722/150/425 723/137/425 738/157/425
f 716/139/427 731/159/427 82/158/427
f 308/160/428 745/156/428 730/136/428
f 724/138/429 739/161/429 738/157/429
f 716/139/430 717/140/430 732/162/430
f 724/138/431 725/141/431 740/163/431
f 718/142/432 733/164/432 732/162/432
f 726/143/433 741/165/433 740/163/433
f 719/144/434 734/166/434 733/164/434
f 726/143/435 727/145/435 742/167/435
f 720/146/436 735/168/436 734/166/436
f 732/162/404 747/170/404 746/169/404
f 739/161/405 740/163/405 755/171/405
f 732/162/406 733/164/406 748/172/406
f 741/165/407 756/173/732 755/171/407
f 733/164/408 734/166/408 749/174/408
f 742/167/409 757/175/409 756/173/409
f 734/166/410 735/168/410 750/176/410
f 743/152/411 758/177/411 757/175/411
f 735/168/412 736/153/412 751/178/412
f 744/154/413 759/179/413 758/177/414
f 737/155/415 752/180/415 751/178/415
f 744/154/416 745/156/416 760/181/416
f 737/155/733 738/157/733 753/182/733
f 731/159/418 746/169/418 82/183/418
f 308/184/419 760/181/419 745/156/419
f 739/161/420 754/185/420 753/182/420
f 750/176/385 751/178/385 766/186/385
f 758/177/386 759/179/386 774/187/386
f 752/180/387 767/188/387 766/186/387
f 759/179/389 760/181/388 775/189/388
f 752/180/390 753/182/390 768/190/390
f 746/169/392 761/192/392 82/191/392
f 308/193/393 775/189/393 760/181/393
f 754/185/394 769/194/614 768/190/394
f 747/170/396 762/195/396 761/192/395
f 754/185/397 755/171/397 770/196/397
f 748/172/398 763/197/399 762/195/398
f 756/173/400 771/198/400 770/196/400
f 749/174/401 764/199/401 763/197/401
f 756/173/402 757/175/402 772/200/402
f 750/176/403 765/201/403 764/199/403
f 757/175/384 758/177/384 773/202/384
f 770/196/368 785/204/368 784/203/368
f 762/195/369 763/197/369 778/205/369
f 771/198/370 786/206/371 785/204/370
f 763/197/372 764/199/372 779/207/372
f 771/198/373 772/200/373 787/208/373
f 765/201/374 780/209/734 779/207/374
f 773/202/376 788/210/376 787/208/376
f 765/201/377 766/186/377 781/211/377
f 774/187/378 789/212/378 788/210/378
f 766/186/379 767/188/379 782/213/379
f 775/189/380 790/214/380 789/212/380
f 767/188/381 768/190/381 783/215/381
f 761/192/382 776/217/382 82/216/382
f 308/218/383 790/214/383 775/189/383
f 769/194/366 784/203/366 783/215/366
f 761/192/367 762/195/367 777/219/367
f 788/210/351 789/212/351 804/220/351
f 782/213/352 797/222/352 796/221/352
f 789/212/353 790/214/353 805/223/353
f 782/213/354 783/215/354 798/224/354
f 776/217/356 791/226/356 82/225/356
f 308/227/357 805/223/357 790/214/357
f 784/203/358 799/228/358 798/224/358
f 777/219/359 792/229/359 791/226/359
f 784/203/360 785/204/360 800/230/360
f 778/205/361 793/231/361 792/229/361
f 785/204/362 786/206/363 801/232/362
f 779/207/364 794/233/364 793/231/364
f 787/208/365 802/234/365 801/232/365
f 779/207/347 780/209/735 795/235/347
f 787/208/349 788/210/349 803/236/349
f 781/211/350 796/221/350 795/235/350
f 792/229/334 793/231/335 808/237/334
f 800/230/336 801/232/336 816/238/336
f 793/231/337 794/233/337 809/239/337
f 802/234/338 817/240/338 816/238/338
f 794/233/339 795/235/339 810/241/339
f 803/236/340 818/242/340 817/240/340
f 796/221/341 811/243/341 810/241/341
f 804/220/342 819/244/342 818/242/342
f 797/222/343 812/245/343 811/243/343
f 805/223/345 820/246/345 819/244/344
f 797/222/346 798/224/607 813/247/346
f 791/226/327 806/249/327 82/248/327
f 308/250/328 820/246/328 805/223/328
f 799/228/329 814/251/329 813/247/329
f 791/226/332 792/229/736 807/252/736
f 799/228/333 800/230/333 815/253/333
f 812/245/315 827/255/315 826/254/315
f 820/246/316 835/257/316 834/256/316
f 812/245/317 813/247/317 828/258/317
f 806/249/319 821/260/319 82/259/319
f 308/261/320 835/257/320 820/246/320
f 814/251/321 829/262/321 828/258/321
f 806/249/322 807/252/322 822/263/322
f 814/251/323 815/253/323 830/264/323
f 807/252/324 808/237/324 823/265/324
f 815/253/325 816/238/737 831/266/325
f 809/239/326 824/267/326 823/265/326
f 816/238/308 817/240/308 832/268/308
f 810/241/309 825/269/309 824/267/309
f 817/240/310 818/242/310 833/270/310
f 811/243/311 826/254/312 825/269/311
f 819/244/314 834/256/314 833/270/313
f 830/264/300 831/266/300 243/271/300
f 824/267/301 236/273/301 235/272/301
f 832/268/302 244/274/302 243/271/302
f 824/267/303 825/269/303 237/275/303
f 832/268/304 833/270/304 245/276/304
f 826/254/305 238/277/305 237/275/305
f 833/270/306 834/256/306 246/278/306
f 827/255/307 239/279/307 238/277/307
f 834/256/291 835/257/291 247/280/291
f 827/255/292 828/258/292 240/281/292
f 821/260/293 233/283/293 82/282/293
f 308/284/294 247/280/294 835/257/294
f 829/262/295 241/285/295 240/281/295
f 822/263/297 234/286/297 233/283/297
f 829/262/298 830/264/298 242/287/298
f 823/265/299 235/272/299 234/286/299
f 247/280/283 850/289/283 849/288/283
f 239/279/284 240/281/284 843/290/284
f 233/283/285 836/292/285 82/291/285
f 308/293/286 850/289/286 247/280/286
f 241/285/738 844/294/738 843/290/738
f 233/283/288 234/286/288 837/295/288
f 241/285/289 242/287/289 845/296/289
f 234/286/290 235/272/290 838/297/290
f 243/271/275 846/298/275 845/296/275
f 235/272/276 236/273/276 839/299/276
f 243/271/277 244/274/277 847/300/277
f 237/275/278 840/301/278 839/299/278
f 245/276/279 848/302/279 847/300/279
f 237/275/280 238/277/280 841/303/280
f 246/278/281 849/288/281 848/302/281
f 239/279/282 842/304/282 841/303/282
f 847/300/268 862/306/268 861/305/268
f 839/299/269 840/301/269 855/307/269
f 848/302/270 863/308/270 862/306/270
f 840/301/271 841/303/272 856/309/271
f 848/302/274 849/288/273 864/310/273
f 842/304/256 857/311/256 856/309/256
f 849/288/257 850/289/257 865/312/257
f 842/304/258 843/290/739 858/313/258
f 836/292/259 851/315/259 82/314/259
f 308/316/260 865/312/260 850/289/260
f 844/294/261 859/317/261 858/313/261
f 837/295/262 852/318/262 851/315/262
f 844/294/263 845/296/263 860/319/263
f 838/297/264 853/320/264 852/318/264
f 846/298/265 861/305/265 860/319/265
f 838/297/267 839/299/267 854/321/267
f 851/315/250 866/323/250 82/322/250
f 308/324/251 880/325/251 865/312/251
f 859/317/252 874/327/601 873/326/252
f 852/318/740 867/328/740 866/323/253
f 859/317/255 860/319/255 875/329/255
f 853/320/236 868/330/237 867/328/236
f 860/319/238 861/305/238 876/331/238
f 854/321/239 869/332/239 868/330/239
f 861/305/240 862/306/240 877/333/240
f 855/307/241 870/334/241 869/332/241
f 862/306/242 863/308/242 878/335/242
f 856/309/243 871/336/243 870/334/243
f 863/308/244 864/310/244 879/337/244
f 857/311/245 872/338/245 871/336/245
f 864/310/247 865/312/246 880/325/246
f 857/311/248 858/313/248 873/326/248
f 869/332/232 870/334/741 885/339/232
f 877/333/234 878/335/234 893/340/234
f 870/334/235 871/336/235 886/341/235
f 879/337/218 894/342/218 893/340/218
f 871/336/219 872/338/219 887/343/219
f 880/325/220 895/344/220 894/342/220
f 872/338/221 873/326/598 888/345/221
f 866/323/222 881/347/222 82/346/222
f 308/348/223 895/344/223 880/325/223
f 874/327/224 889/349/224 888/345/224
f 866/323/225 867/328/225 882/350/225
f 875/329/226 890/351/226 889/349/226
f 867/328/227 868/330/227 883/352/227
f 876/331/228 891/353/229 890/351/228
f 869/332/230 884/354/230 883/352/230
f 877/333/231 892/355/231 891/353/231
f 889/349/216 904/357/216 903/356/216
f 882/350/217 897/359/217 896/358/217
f 889/349/200 890/351/200 905/360/200
f 883/352/201 898/361/201 897/359/201
f 890/351/202 891/353/203 906/362/202
f 884/354/204 899/363/204 898/361/204
f 892/355/205 907/364/205 906/362/205
f 884/354/206 885/339/742 900/365/206
f 892/355/208 893/340/208 908/366/208
f 886/341/209 901/367/209 900/365/209
f 893/340/210 894/342/210 909/368/210
f 887/343/211 902/369/211 901/367/211
f 894/342/212 895/344/212 910/370/212
f 887/343/213 888/345/213 903/356/213
f 881/347/214 896/358/214 82/371/214
f 308/372/215 910/370/215 895/344/215
f 908/366/199 923/374/199 922/373/199
f 900/365/180 901/367/180 916/375/180
f 909/368/181 924/376/181 923/374/181
f 902/369/182 917/377/182 916/375/182
f 910/370/184 925/378/184 924/376/183
f 902/369/185 903/356/593 918/379/185
f 896/358/186 911/381/186 82/380/186
f 308/382/187 925/378/187 910/370/187
f 904/357/188 919/383/188 918/379/188
f 896/358/191 897/359/190 912/384/190
f 904/357/192 905/360/192 920/385/192
f 897/359/193 898/361/194 913/386/193
f 906/362/195 921/387/195 920/385/195
f 898/361/196 899/363/196 914/388/196
f 907/364/197 922/373/197 921/387/197
f 899/363/198 900/365/198 915/389/198
f 911/381/162 912/384/162 927/390/162
f 919/383/163 920/385/163 935/391/163
f 912/384/164 913/386/164 928/392/164
f 921/387/165 936/393/165 935/391/165
f 914/388/167 929/394/167 928/392/167
f 921/387/168 922/373/168 937/395/168
f 915/389/169 930/396/169 929/394/169
f 922/373/170 923/374/170 938/397/170
f 915/389/171 916/375/171 931/398/171
f 924/376/172 939/399/172 938/397/173
f 917/377/174 932/400/174 931/398/174
f 925/378/175 940/401/175 939/399/175
f 917/377/591 918/379/591 933/402/591
f 911/381/177 926/404/177 82/403/177
f 308/405/178 940/401/178 925/378/178
f 919/383/179 934/406/179 933/402/179
f 930/396/147 931/398/147 946/407/147
f 938/397/148 939/399/148 954/408/148
f 932/400/149 947/409/149 946/407/149
f 939/399/150 940/401/150 955/410/150
f 932/400/151 933/402/589 948/411/151
f 926/404/152 941/413/152 82/412/152
f 308/414/153 955/410/153 940/401/153
f 934/406/154 949/415/154 948/411/154
f 927/390/155 942/416/155 941/413/155
f 934/406/156 935/391/156 950/417/156
f 928/392/157 943/418/157 942/416/157
f 936/393/158 951/419/158 950/417/158
f 929/394/159 944/420/159 943/418/159
f 936/393/160 937/395/160 952/421/160
f 930/396/161 945/422/161 944/420/161
f 937/395/146 938/397/146 953/423/146
f 949/424/132 950/426/132 965/425/132
f 942/427/133 943/429/133 958/428/133
f 951/430/134 966/431/134 965/425/134
f 943/429/135 944/433/135 959/432/135
f 951/430/136 952/435/136 967/434/136
f 945/436/137 960/437/137 959/432/137
f 953/438/138 968/439/138 967/434/138
f 945/436/139 946/441/139 961/440/139
f 954/442/140 969/443/140 968/439/140
f 947/444/141 962/445/141 961/440/141
f 955/446/142 970/447/142 969/443/142
f 947/444/144 948/449/143 963/448/144
f 941/450/145 956/452/145 82/451/145
f 308/453/129 970/447/129 955/446/129
f 949/424/743 964/454/743 963/448/743
f 941/450/131 942/427/131 957/455/131
f 968/439/116 969/443/117 984/456/117
f 962/445/118 977/458/118 976/457/118
f 969/443/119 970/447/119 985/459/119
f 962/445/588 963/448/588 978/460/588
f 956/452/121 971/462/121 82/461/121
f 308/463/122 985/459/122 970/447/122
f 964/454/744 979/464/123 978/460/744
f 957/455/124 972/465/124 971/462/124
f 964/454/125 965/425/125 980/466/125
f 958/428/126 973/467/126 972/465/126
f 966/431/127 981/468/127 980/466/127
f 958/428/128 959/432/128 974/469/128
f 967/434/112 982/470/112 981/468/112
f 959/432/113 960/437/113 975/471/113
f 968/439/114 983/472/114 982/470/114
f 960/437/115 961/440/115 976/457/115
f 980/466/102 981/468/102 996/473/102
f 973/467/103 974/469/103 989/474/103
f 981/468/104 982/470/104 997/475/104
f 975/471/105 990/476/105 989/474/105
f 983/472/106 998/477/106 997/475/106
f 976/457/107 991/478/107 990/476/107
f 983/472/108 984/456/108 999/479/108
f 977/458/109 992/480/109 991/478/109
f 985/459/111 1000/481/111 999/479/111
f 978/460/91 993/482/745 992/480/91
f 971/462/93 986/484/93 82/483/93
f 308/485/94 1000/481/94 985/459/94
f 978/460/96 979/464/95 994/486/96
f 971/462/98 972/465/98 987/487/98
f 979/464/99 980/466/99 995/488/99
f 973/467/100 988/489/100 987/487/100
f 1000/481/81 1015/491/81 1014/490/81
f 993/482/82 1008/493/82 1007/492/82
f 986/484/84 1001/495/84 82/494/84
f 308/496/85 1015/491/85 1000/481/85
f 993/482/86 994/486/746 1009/497/86
f 986/484/87 987/487/87 1002/498/87
f 995/488/88 1010/499/88 1009/497/88
f 988/489/89 1003/500/89 1002/498/89
f 996/473/90 1011/501/747 1010/499/90
f 988/489/73 989/474/73 1004/502/73
f 997/475/74 1012/503/74 1011/501/74
f 989/474/75 990/476/748 1005/504/75
f 998/477/77 1013/505/77 1012/503/77
f 990/476/78 991/478/78 1006/506/78
f 998/477/79 999/479/79 1014/490/79
f 991/478/80 992/480/80 1007/492/80
f 1004/502/64 1019/508/64 1018/507/64
f 1011/501/65 1012/503/65 1027/509/65
f 1005/504/583 1020/510/583 1019/508/583
f 1012/503/68 1013/505/68 1028/511/68
f 1005/504/69 1006/506/69 1021/512/69
f 1013/505/70 1014/490/71 1029/513/70
f 1007/492/72 1022/514/72 1021/512/72
f 1014/490/54 1015/491/54 1030/515/54
f 1007/492/55 1008/493/55 1023/516/55
f 1001/495/56 1016/518/56 82/517/56
f 308/519/57 1030/515/57 1015/491/57
f 1009/497/58 1024/520/58 1023/516/58
f 1002/498/59 1017/521/59 1016/518/59
f 1009/497/60 1010/499/60 1025/522/60
f 1003/500/61 1018/507/61 1017/521/61
f 1011/501/62 1026/523/62 1025/522/62
f 1022/514/46 1023/516/580 1038/524/46
f 1016/518/47 1031/526/47 82/525/47
f 308/527/48 1045/528/48 1030/515/48
f 1024/520/49 1039/529/581 1038/524/49
f 1016/518/50 1017/521/50 1032/530/50
f 1024/520/51 1025/522/51 1040/531/51
f 1017/521/52 1018/507/53 1033/532/52
f 1026/523/37 1041/533/37 1040/531/37
f 1018/507/38 1019/508/38 1034/534/38
f 1026/523/39 1027/509/39 1042/535/39
f 1020/510/40 1035/536/40 1034/534/40
f 1028/511/41 1043/537/41 1042/535/41
f 1020/510/42 1021/512/42 1036/538/42
f 1029/513/43 1044/539/43 1043/537/43
f 1022/514/44 1037/540/44 1036/538/44
f 1030/515/45 1045/528/45 1044/539/45
f 1041/533/31 1042/535/31 1057/541/31
f 1035/536/32 1050/543/32 1049/542/32
f 1043/537/33 1058/544/33 1057/541/33
f 1035/536/34 1036/538/34 1051/545/34
f 1044/539/35 1059/546/35 1058/544/36
f 1037/540/18 1052/547/18 1051/545/18
f 1045/528/19 1060/548/19 1059/546/19
f 1037/540/20 1038/524/20 1053/549/20
f 1031/526/21 1046/551/21 82/550/21
f 308/552/22 1060/548/22 1045/528/22
f 1039/529/23 1054/553/24 1053/549/23
f 1031/526/25 1032/530/25 1047/554/25
f 1039/529/26 1040/531/26 1055/555/26
f 1032/530/27 1033/532/27 1048/556/27
f 1041/533/28 1056/557/28 1055/555/28
f 1033/532/30 1034/534/30 1049/542/30
f 1046/551/3 474/4/3 82/558/3
f 308/559/4 482/8/4 1060/548/4
f 1054/553/5 5/11/5 4/1/5
f 1047/554/6 475/13/6 474/4/6
f 1054/553/7 1055/555/7 478/14/7
f 1048/556/8 1/16/8 475/13/8
f 1056/557/9 6/18/9 478/14/9
f 1048/556/10 1049/542/10 476/20/10
f 1056/557/11 1057/541/11 479/23/11
f 1050/543/12 2/24/12 476/20/12
f 1058/544/13 480/27/13 479/23/13
f 1050/543/14 1051/545/14 477/29/14
f 1058/544/15 1059/546/15 481/31/15
f 1052/547/16 3/32/16 477/29/16
f 1059/546/17 1060/548/17 482/8/17
f 1052/547/1 1053/549/2 4/1/1
f 4/1/622 617/2/622 3/32/622
f 4/1/566 619/10/566 618/3/566
f 474/4/567 612/12/567 611/6/567
f 478/14/568 619/10/568 5/11/568
f 1/16/569 612/12/569 475/13/569
f 6/18/570 620/15/570 478/14/570
f 476/20/571 613/17/571 1/16/571
f 6/18/572 622/22/572 621/19/572
f 2/24/573 614/21/573 476/20/573
f 479/23/574 623/26/574 622/22/574
f 2/24/575 616/28/575 615/25/575
f 480/27/576 624/30/576 623/26/576
f 477/29/577 617/2/577 616/28/577
f 482/8/578 624/30/578 481/31/578
f 616/28/552 632/33/552 631/48/552
f 624/30/553 640/34/553 639/49/553
f 618/3/554 632/33/554 617/2/554
f 618/3/557 634/39/557 633/35/557
f 612/12/559 626/37/559 611/6/559
f 620/15/560 634/39/560 619/10/560
f 612/12/561 628/42/561 627/40/561
f 621/19/562 635/41/562 620/15/562
f 613/17/563 629/44/563 628/42/563
f 622/22/546 636/43/546 621/19/546
f 614/21/547 630/46/547 629/44/547
f 623/26/548 637/45/548 622/22/548
f 615/25/549 631/48/549 630/46/549
f 624/30/550 638/47/551 623/26/551
f 636/43/537 650/50/537 635/41/537
f 629/44/538 643/52/538 628/42/538
f 636/43/539 652/54/539 651/51/539
f 630/46/540 644/53/540 629/44/540
f 637/45/541 653/56/541 652/54/541
f 630/46/542 646/57/542 645/55/542
f 638/47/543 654/58/543 653/56/543
f 632/33/544 646/57/544 631/48/544
f 639/49/545 655/60/545 654/58/545
f 632/33/527 648/61/527 647/59/528
f 634/39/531 648/61/531 633/35/532
f 627/40/533 641/63/533 626/37/533
f 634/39/534 650/50/534 649/65/534
f 628/42/535 642/66/535 627/40/535
f 655/60/518 669/67/518 654/58/518
f 647/59/519 663/69/519 662/83/519
f 649/65/522 663/69/522 648/61/522
f 641/63/523 657/74/523 656/71/523
f 650/50/524 664/73/524 649/65/524
f 642/66/525 658/76/525 657/74/525
f 651/51/526 665/75/526 650/50/526
f 643/52/510 659/78/510 658/76/510
f 651/51/511 667/79/511 666/77/749
f 645/55/726 659/78/726 644/53/512
f 653/56/513 667/79/513 652/54/513
f 645/55/514 661/82/514 660/80/750
f 654/58/515 668/81/515 653/56/515
f 646/57/517 662/83/517 661/82/517
f 659/78/502 673/84/502 658/76/502
f 667/79/503 681/86/503 666/77/751
f 659/78/504 675/88/504 674/85/504
f 667/79/506 683/89/506 682/87/506
f 660/80/507 676/90/507 675/88/507
f 668/81/508 684/91/508 683/89/752
f 662/83/509 676/90/509 661/82/509
f 669/67/491 685/93/491 684/91/491
f 663/69/492 677/92/492 662/83/492
f 663/69/495 679/98/495 678/94/495
f 657/74/497 671/96/497 656/71/497
f 664/73/498 680/100/498 679/98/498
f 658/76/499 672/99/499 657/74/499
f 666/77/500 680/100/500 665/75/500
f 678/94/482 692/101/482 677/92/482
f 678/94/487 694/107/487 693/102/487
f 671/96/729 687/108/488 686/104/729
f 680/100/489 694/107/489 679/98/489
f 672/99/490 688/110/490 687/108/490
f 680/100/473 696/111/473 695/109/473
f 673/84/474 689/112/474 688/110/474
f 682/87/475 696/111/475 681/86/475
f 674/85/476 690/114/476 689/112/476
f 683/89/477 697/113/477 682/87/477
f 676/90/478 690/114/478 675/88/478
f 684/91/479 698/115/479 683/89/479
f 676/90/480 692/101/480 691/116/480
f 685/93/731 699/117/481 684/91/481
f 696/111/469 712/118/469 711/134/469
f 690/114/470 704/119/470 689/112/470
f 697/113/471 713/121/471 712/118/471
f 691/116/472 705/120/472 690/114/753
f 698/115/455 714/123/456 713/121/455
f 692/101/457 706/122/457 691/116/457
f 700/106/458 714/123/458 699/117/458
f 692/101/616 708/126/616 707/124/459
f 694/107/463 708/126/463 693/102/463
f 686/104/464 702/131/464 701/128/464
f 694/107/465 710/132/465 709/130/465
f 688/110/466 702/131/466 687/108/466
f 695/109/467 711/134/467 710/132/467
f 689/112/468 703/133/468 688/110/468
f 709/130/615 723/137/615 708/126/615
f 702/131/454 716/139/454 701/128/454
f 709/130/438 725/141/438 724/138/438
f 702/131/439 718/142/439 717/140/439
f 710/132/440 726/143/440 725/141/440
f 703/133/441 719/144/441 718/142/441
f 712/118/442 726/143/442 711/134/442
f 704/119/443 720/146/443 719/144/443
f 713/121/444 727/145/444 712/118/444
f 706/122/445 720/146/445 705/120/445
f 714/123/446 728/147/446 713/121/446
f 707/124/447 721/148/447 706/122/447
f 714/123/448 730/136/448 729/149/448
f 707/124/450 723/137/450 722/150/450
f 727/145/437 743/152/437 742/167/437
f 720/146/421 736/153/421 735/168/421
f 728/147/422 744/154/422 743/152/422
f 722/150/423 736/153/423 721/148/423
f 730/136/424 744/154/424 729/149/424
f 722/150/425 738/157/425 737/155/426
f 724/138/429 738/157/429 723/137/429
f 716/139/430 732/162/430 731/159/430
f 724/138/431 740/163/431 739/161/431
f 718/142/432 732/162/432 717/140/432
f 726/143/433 740/163/433 725/141/433
f 719/144/434 733/164/434 718/142/434
f 726/143/435 742/167/435 741/165/435
f 720/146/436 734/166/436 719/144/436
f 732/162/404 746/169/404 731/159/404
f 739/161/405 755/171/405 754/185/405
f 732/162/406 748/172/406 747/170/406
f 741/165/407 755/171/407 740/163/407
f 733/164/408 749/174/408 748/172/408
f 742/167/409 756/173/409 741/165/409
f 734/166/410 750/176/410 749/174/410
f 743/152/411 757/175/411 742/167/411
f 735/168/412 751/178/412 750/176/754
f 744/154/413 758/177/414 743/152/414
f 737/155/415 751/178/415 736/153/415
f 744/154/416 760/181/416 759/179/416
f 737/155/733 753/182/733 752/180/417
f 739/161/420 753/182/420 738/157/755
f 750/176/385 766/186/385 765/201/385
f 758/177/386 774/187/386 773/202/386
f 752/180/387 766/186/387 751/178/387
f 759/179/389 775/189/388 774/187/389
f 752/180/390 768/190/390 767/188/391
f 754/185/394 768/190/394 753/182/394
f 747/170/396 761/192/395 746/169/395
f 754/185/397 770/196/397 769/194/397
f 748/172/398 762/195/398 747/170/398
f 756/173/400 770/196/400 755/171/400
f 749/174/401 763/197/401 748/172/401
f 756/173/402 772/200/402 771/198/402
f 750/176/403 764/199/403 749/174/403
f 757/175/384 773/202/384 772/200/384
f 770/196/368 784/203/368 769/194/368
f 762/195/369 778/205/369 777/219/369
f 771/198/370 785/204/370 770/196/370
f 763/197/372 779/207/372 778/205/372
f 771/198/373 787/208/373 786/206/610
f 765/201/374 779/207/374 764/199/374
f 773/202/376 787/208/376 772/200/376
f 765/201/377 781/211/377 780/209/611
f 774/187/378 788/210/378 773/202/612
f 766/186/379 782/213/379 781/211/379
f 775/189/380 789/212/380 774/187/380
f 767/188/381 783/215/381 782/213/381
f 769/194/366 783/215/366 768/190/366
f 761/192/367 777/219/367 776/217/367
f 788/210/351 804/220/351 803/236/609
f 782/213/352 796/221/352 781/211/352
f 789/212/353 805/223/353 804/220/353
f 782/213/354 798/224/354 797/222/355
f 784/203/358 798/224/358 783/215/358
f 777/219/359 791/226/359 776/217/359
f 784/203/360 800/230/360 799/228/360
f 778/205/361 792/229/361 777/219/361
f 785/204/362 801/232/362 800/230/362
f 779/207/364 793/231/364 778/205/364
f 787/208/365 801/232/365 786/206/756
f 779/207/347 795/235/347 794/233/347
f 787/208/349 803/236/349 802/234/349
f 781/211/350 795/235/350 780/209/608
f 792/229/334 808/237/334 807/252/334
f 800/230/336 816/238/336 815/253/336
f 793/231/337 809/239/337 808/237/337
f 802/234/338 816/238/338 801/232/338
f 794/233/339 810/241/339 809/239/339
f 803/236/340 817/240/340 802/234/340
f 796/221/341 810/241/341 795/235/341
f 804/220/342 818/242/342 803/236/342
f 797/222/343 811/243/343 796/221/343
f 805/223/345 819/244/344 804/220/344
f 797/222/346 813/247/346 812/245/346
f 799/228/329 813/247/329 798/224/330
f 791/226/332 807/252/736 806/249/332
f 799/228/333 815/253/333 814/251/333
f 812/245/315 826/254/315 811/243/315
f 820/246/316 834/256/316 819/244/316
f 812/245/317 828/258/317 827/255/317
f 814/251/321 828/258/321 813/247/321
f 806/249/322 822/263/322 821/260/322
f 814/251/323 830/264/323 829/262/323
f 807/252/324 823/265/324 822/263/324
f 815/253/325 831/266/325 830/264/325
f 809/239/326 823/265/326 808/237/326
f 816/238/308 832/268/308 831/266/308
f 810/241/309 824/267/309 809/239/604
f 817/240/310 833/270/310 832/268/310
f 811/243/311 825/269/311 810/241/311
f 819/244/314 833/270/313 818/242/313
f 830/264/300 243/271/300 242/287/300
f 824/267/301 235/272/301 823/265/301
f 832/268/302 243/271/302 831/266/302
f 824/267/303 237/275/303 236/273/303
f 832/268/304 245/276/304 244/274/304
f 826/254/305 237/275/305 825/269/305
f 833/270/306 246/278/306 245/276/306
f 827/255/307 238/277/307 826/254/307
f 834/256/291 247/280/291 246/278/291
f 827/255/292 240/281/292 239/279/292
f 829/262/295 240/281/295 828/258/295
f 822/263/297 233/283/297 821/260/297
f 829/262/298 242/287/298 241/285/298
f 823/265/299 234/286/299 822/263/299
f 247/280/283 849/288/283 246/278/283
f 239/279/284 843/290/284 842/304/757
f 241/285/287 843/290/287 240/281/287
f 233/283/288 837/295/288 836/292/288
f 241/285/289 845/296/289 844/294/289
f 234/286/290 838/297/290 837/295/290
f 243/271/275 845/296/275 242/287/275
f 235/272/276 839/299/276 838/297/276
f 243/271/277 847/300/277 846/298/277
f 237/275/278 839/299/278 236/273/278
f 245/276/279 847/300/279 244/274/279
f 237/275/280 841/303/280 840/301/280
f 246/278/281 848/302/281 245/276/281
f 239/279/282 841/303/282 238/277/282
f 847/300/268 861/305/268 846/298/268
f 839/299/269 855/307/269 854/321/602
f 848/302/270 862/306/270 847/300/270
f 840/301/271 856/309/271 855/307/271
f 848/302/274 864/310/273 863/308/274
f 842/304/256 856/309/256 841/303/256
f 849/288/257 865/312/257 864/310/257
f 842/304/258 858/313/258 857/311/258
f 844/294/261 858/313/261 843/290/758
f 837/295/262 851/315/262 836/292/262
f 844/294/263 860/319/263 859/317/263
f 838/297/264 852/318/264 837/295/264
f 846/298/265 860/319/265 845/296/265
f 838/297/267 854/321/267 853/320/267
f 859/317/252 873/326/252 858/313/252
f 852/318/740 866/323/253 851/315/253
f 859/317/255 875/329/255 874/327/255
f 853/320/236 867/328/236 852/318/236
f 860/319/238 876/331/238 875/329/238
f 854/321/239 868/330/239 853/320/239
f 861/305/240 877/333/240 876/331/240
f 855/307/241 869/332/241 854/321/759
f 862/306/242 878/335/242 877/333/242
f 856/309/243 870/334/243 855/307/243
f 863/308/244 879/337/244 878/335/244
f 857/311/245 871/336/245 856/309/245
f 864/310/247 880/325/246 879/337/247
f 857/311/248 873/326/248 872/338/249
f 869/332/232 885/339/232 884/354/232
f 877/333/234 893/340/234 892/355/234
f 870/334/235 886/341/235 885/339/600
f 879/337/218 893/340/218 878/335/597
f 871/336/219 887/343/219 886/341/219
f 880/325/220 894/342/220 879/337/220
f 872/338/221 888/345/221 887/343/221
f 874/327/224 888/345/224 873/326/224
f 866/323/225 882/350/225 881/347/225
f 875/329/226 889/349/226 874/327/226
f 867/328/227 883/352/227 882/350/227
f 876/331/228 890/351/228 875/329/228
f 869/332/230 883/352/230 868/330/230
f 877/333/231 891/353/231 876/331/231
f 889/349/216 903/356/216 888/345/216
f 882/350/217 896/358/217 881/347/217
f 889/349/200 905/360/200 904/357/200
f 883/352/201 897/359/201 882/350/201
f 890/351/202 906/362/202 905/360/202
f 884/354/204 898/361/204 883/352/204
f 892/355/205 906/362/205 891/353/594
f 884/354/206 900/365/206 899/363/206
f 892/355/208 908/366/208 907/364/208
f 886/341/209 900/365/209 885/339/595
f 893/340/210 909/368/210 908/366/596
f 887/343/211 901/367/211 886/341/211
f 894/342/212 910/370/212 909/368/212
f 887/343/213 903/356/213 902/369/760
f 908/366/199 922/373/199 907/364/199
f 900/365/180 916/375/180 915/389/180
f 909/368/181 923/374/181 908/366/181
f 902/369/182 916/375/182 901/367/182
f 910/370/184 924/376/183 909/368/183
f 902/369/185 918/379/185 917/377/185
f 904/357/188 918/379/188 903/356/189
f 896/358/191 912/384/190 911/381/191
f 904/357/192 920/385/192 919/383/192
f 897/359/193 913/386/193 912/384/193
f 906/362/195 920/385/195 905/360/195
f 898/361/196 914/388/196 913/386/196
f 907/364/197 921/387/197 906/362/197
f 899/363/198 915/389/198 914/388/198
f 911/381/162 927/390/162 926/404/162
f 919/383/163 935/391/163 934/406/163
f 912/384/164 928/392/164 927/390/164
f 921/387/165 935/391/165 920/385/165
f 914/388/167 928/392/167 913/386/167
f 921/387/168 937/395/168 936/393/168
f 915/389/169 929/394/169 914/388/169
f 922/373/170 938/397/170 937/395/170
f 915/389/171 931/398/171 930/396/171
f 924/376/172 938/397/173 923/374/173
f 917/377/174 931/398/174 916/375/174
f 925/378/175 939/399/175 924/376/175
f 917/377/591 933/402/591 932/400/591
f 919/383/179 933/402/179 918/379/179
f 930/396/147 946/407/147 945/422/147
f 938/397/148 954/408/148 953/423/148
f 932/400/149 946/407/149 931/398/149
f 939/399/150 955/410/150 954/408/150
f 932/400/151 948/411/151 947/409/151
f 934/406/154 948/411/154 933/402/154
f 927/390/155 941/413/155 926/404/155
f 934/406/156 950/417/156 949/415/156
f 928/392/157 942/416/157 927/390/157
f 936/393/158 950/417/158 935/391/158
f 929/394/159 943/418/159 928/392/159
f 936/393/160 952/421/160 951/419/160
f 930/396/161 944/420/161 929/394/161
f 937/395/146 953/423/146 952/421/146
f 949/424/132 965/425/132 964/454/132
f 942/427/133 958/428/133 957/455/133
f 951/430/134 965/425/134 950/426/134
f 943/429/135 959/432/135 958/428/135
f 951/430/136 967/434/136 966/431/136
f 945/436/137 959/432/137 944/433/137
f 953/438/138 967/434/138 952/435/138
f 945/436/139 961/440/139 960/437/139
f 954/442/140 968/439/140 953/438/140
f 947/444/141 961/440/141 946/441/141
f 955/446/142 969/443/142 954/442/142
f 947/444/144 963/448/144 962/445/144
f 949/424/743 963/448/743 948/449/130
f 941/450/131 957/455/131 956/452/131
f 968/439/116 984/456/117 983/472/116
f 962/445/118 976/457/118 961/440/118
f 969/443/119 985/459/119 984/456/119
f 962/445/588 978/460/588 977/458/120
f 964/454/744 978/460/744 963/448/744
f 957/455/124 971/462/124 956/452/124
f 964/454/125 980/466/125 979/464/125
f 958/428/126 972/465/126 957/455/126
f 966/431/127 980/466/127 965/425/127
f 958/428/128 974/469/128 973/467/128
f 967/434/112 981/468/112 966/431/112
f 959/432/113 975/471/113 974/469/113
f 968/439/114 982/470/114 967/434/114
f 960/437/115 976/457/115 975/471/115
f 980/466/102 996/473/102 995/488/102
f 973/467/103 989/474/103 988/489/103
f 981/468/104 997/475/104 996/473/104
f 975/471/105 989/474/105 974/469/105
f 983/472/106 997/475/106 982/470/106
f 976/457/107 990/476/107 975/471/107
f 983/472/108 999/479/108 998/477/108
f 977/458/109 991/478/109 976/457/109
f 985/459/111 999/479/111 984/456/111
f 978/460/91 992/480/91 977/458/92
f 978/460/96 994/486/96 993/482/761
f 971/462/98 987/487/98 986/484/98
f 979/464/99 995/488/99 994/486/99
f 973/467/100 987/487/100 972/465/100
f 1000/481/81 1014/490/81 999/479/81
f 993/482/82 1007/492/82 992/480/83
f 993/482/86 1009/497/86 1008/493/86
f 986/484/87 1002/498/87 1001/495/87
f 995/488/88 1009/497/88 994/486/88
f 988/489/89 1002/498/89 987/487/89
f 996/473/90 1010/499/90 995/488/90
f 988/489/73 1004/502/73 1003/500/73
f 997/475/74 1011/501/74 996/473/762
f 989/474/75 1005/504/75 1004/502/75
f 998/477/77 1012/503/77 997/475/77
f 990/476/78 1006/506/78 1005/504/763
f 998/477/79 1014/490/79 1013/505/79
f 991/478/80 1007/492/80 1006/506/80
f 1004/502/64 1018/507/64 1003/500/64
f 1011/501/65 1027/509/65 1026/523/65
f 1005/504/583 1019/508/583 1004/502/583
f 1012/503/68 1028/511/68 1027/509/68
f 1005/504/69 1021/512/69 1020/510/69
f 1013/505/70 1029/513/70 1028/511/70
f 1007/492/72 1021/512/72 1006/506/72
f 1014/490/54 1030/515/54 1029/513/54
f 1007/492/55 1023/516/55 1022/514/55
f 1009/497/58 1023/516/58 1008/493/58
f 1002/498/59 1016/518/59 1001/495/59
f 1009/497/60 1025/522/60 1024/520/60
f 1003/500/61 1017/521/61 1002/498/61
f 1011/501/62 1025/522/62 1010/499/62
f 1022/514/46 1038/524/46 1037/540/46
f 1024/520/49 1038/524/49 1023/516/49
f 1016/518/50 1032/530/50 1031/526/50
f 1024/520/51 1040/531/51 1039/529/51
f 1017/521/52 1033/532/52 1032/530/52
f 1026/523/37 1040/531/37 1025/522/37
f 1018/507/38 1034/534/38 1033/532/38
f 1026/523/39 1042/535/39 1041/533/39
f 1020/510/40 1034/534/40 1019/508/40
f 1028/511/41 1042/535/41 1027/509/41
f 1020/510/42 1036/538/42 1035/536/42
f 1029/513/43 1043/537/43 1028/511/43
f 1022/514/44 1036/538/44 1021/512/44
f 1030/515/45 1044/539/45 1029/513/45
f 1041/533/31 1057/541/31 1056/557/31
f 1035/536/32 1049/542/32 1034/534/32
f 1043/537/33 1057/541/33 1042/535/33
f 1035/536/34 1051/545/34 1050/543/34
f 1044/539/35 1058/544/36 1043/537/36
f 1037/540/18 1051/545/18 1036/538/18
f 1045/528/19 1059/546/19 1044/539/19
f 1037/540/20 1053/549/20 1052/547/20
f 1039/529/23 1053/549/23 1038/524/23
f 1031/526/25 1047/554/25 1046/551/25
f 1039/529/26 1055/555/26 1054/553/26
f 1032/530/27 1048/556/27 1047/554/27
f 1041/533/28 1055/555/28 1040/531/28
f 1033/532/30 1049/542/30 1048/556/30
f 1054/553/5 4/1/5 1053/549/5
f 1047/554/6 474/4/6 1046/551/6
f 1054/553/7 478/14/7 5/11/7
f 1048/556/8 475/13/8 1047/554/8
f 1056/557/9 478/14/9 1055/555/9
f 1048/556/10 476/20/10 1/16/10
f 1056/557/11 479/23/11 6/18/11
f 1050/543/12 476/20/12 1049/542/12
f 1058/544/13 479/23/13 1057/541/13
f 1050/543/14 477/29/14 2/24/14
f 1058/544/15 481/31/15 480/27/15
f 1052/547/16 477/29/16 1051/545/16
f 1059/546/17 482/8/17 481/31/17
f 1052/547/1 4/1/1 3/32/1
f 1062/560/764 1061/449/764 1063/448/764
f 1063/448/765 1065/460/765 1066/561/765
f 1066/561/766 1065/460/767 1067/482/768
f 1068/562/769 1067/482/769 1069/493/769
f 1069/493/770 1071/516/770 1072/563/770
f 1072/563/771 1071/516/771 1073/524/771
f 1074/564/772 1073/524/772 1075/549/772
f 1075/549/773 1077/1/773 1078/565/773
f 1078/565/774 1077/1/774 1079/3/774
f 1079/3/775 1081/35/775 1082/566/776
f 1082/566/777 1081/35/778 1083/61/778
f 1084/567/779 1083/61/779 1085/69/779
f 1085/69/780 1087/94/780 1088/568/781
f 1087/94/782 1089/102/782 1090/569/783
f 1090/569/784 1089/102/784 1091/126/784
f 1091/126/785 1093/137/785 1094/570/786
f 1093/137/787 1095/157/787 1096/571/788
f 1096/571/789 1095/157/789 1097/182/789
f 1097/182/790 1099/190/790 1100/572/791
f 1099/190/792 1101/215/792 1102/573/793
f 1102/573/794 1101/215/794 1103/224/794
f 1103/224/795 1105/247/795 1106/574/796
f 1106/574/797 1105/247/797 1107/258/797
f 1107/258/798 1109/281/798 1110/575/799
f 1109/281/800 1111/290/800 1112/576/801
f 1112/576/802 1111/290/802 1113/313/802
f 1113/313/803 1115/326/803 1116/577/803
f 1116/577/804 1115/326/805 1117/345/805
f 1118/578/806 1117/345/807 1119/356/807
f 1119/356/808 1121/379/808 1122/579/809
f 1070/580/810 1086/582/811 1068/581/810
f 1121/379/812 1123/402/812 1124/583/813
f 1124/583/814 1123/402/815 1061/411/815
f 1119/584/816 1099/586/816 1121/585/816
f 1062/560/764 1063/448/764 1064/587/764
f 1063/448/765 1066/561/765 1064/587/765
f 1066/561/766 1067/482/768 1068/562/766
f 1068/562/769 1069/493/769 1070/588/769
f 1069/493/770 1072/563/770 1070/588/770
f 1072/563/771 1073/524/771 1074/564/771
f 1074/564/772 1075/549/772 1076/589/772
f 1075/549/773 1078/565/773 1076/589/773
f 1078/565/774 1079/3/774 1080/590/774
f 1079/3/775 1082/566/776 1080/590/776
f 1082/566/777 1083/61/778 1084/567/777
f 1084/567/779 1085/69/779 1086/591/779
f 1085/69/780 1088/568/781 1086/591/781
f 1087/94/782 1090/569/783 1088/568/783
f 1090/569/784 1091/126/784 1092/592/784
f 1091/126/785 1094/570/786 1092/592/786
f 1093/137/787 1096/571/788 1094/570/788
f 1096/571/789 1097/182/789 1098/593/789
f 1097/182/790 1100/572/791 1098/593/817
f 1099/190/792 1102/573/793 1100/572/793
f 1102/573/794 1103/224/794 1104/594/794
f 1103/224/795 1106/574/796 1104/594/796
f 1106/574/797 1107/258/797 1108/595/797
f 1107/258/798 1110/575/799 1108/595/799
f 1109/281/800 1112/576/801 1110/575/801
f 1112/576/802 1113/313/802 1114/596/802
f 1113/313/803 1116/577/803 1114/596/803
f 1116/577/804 1117/345/805 1118/578/804
f 1118/578/806 1119/356/807 1120/597/806
f 1119/356/808 1122/579/809 1120/597/809
f 1066/598/810 1092/600/810 1064/599/810
f 1064/599/810 1094/602/810 1062/601/818
f 1062/601/818 1096/604/818 1124/603/818
f 1124/603/818 1098/606/818 1122/605/810
f 1122/605/810 1098/606/818 1120/607/810
f 1120/607/810 1100/609/810 1118/608/810
f 1098/606/818 1100/609/810 1120/607/810
f 1118/608/810 1102/611/810 1116/610/818
f 1116/610/818 1104/613/811 1114/612/819
f 1102/611/810 1104/613/811 1116/610/818
f 1114/612/819 1106/615/818 1112/614/818
f 1112/614/818 1106/615/818 1110/616/810
f 1110/616/810 1106/615/818 1108/617/810
f 1106/615/818 1114/612/819 1104/613/811
f 1102/611/810 1118/608/810 1100/609/810
f 1098/606/818 1124/603/818 1096/604/818
f 1096/604/818 1062/601/818 1094/602/810
f 1094/602/810 1064/599/810 1092/600/810
f 1092/600/810 1066/598/810 1090/618/810
f 1090/618/810 1066/598/810 1088/619/810
f 1088/619/810 1068/581/810 1086/582/811
f 1066/598/810 1068/581/810 1088/619/810
f 1086/582/811 1070/580/810 1084/620/810
f 1084/620/810 1072/622/818 1082/621/818
f 1070/580/810 1072/622/818 1084/620/810
f 1082/621/818 1078/624/810 1080/623/820
f 1078/624/810 1082/621/818 1076/625/821
f 1076/625/821 1082/621/818 1074/626/810
f 1074/626/810 1082/621/818 1072/622/818
f 1121/379/812 1124/583/813 1122/579/813
f 1124/583/814 1061/411/815 1062/627/814
f 1123/628/816 1093/630/822 1061/629/816
f 1061/629/816 1091/632/816 1063/631/816
f 1063/631/816 1091/632/816 1065/633/816
f 1065/633/816 1089/635/816 1067/634/816
f 1091/632/816 1089/635/816 1065/633/816
f 1067/634/816 1085/637/822 1069/636/822
f 1069/636/822 1083/639/822 1071/638/823
f 1071/638/823 1083/639/822 1073/640/822
f 1073/640/822 1081/642/824 1075/641/825
f 1083/639/822 1081/642/824 1073/640/822
f 1075/641/825 1079/644/826 1077/643/827
f 1079/644/826 1075/641/825 1081/642/824
f 1083/639/822 1069/636/822 1085/637/822
f 1085/637/822 1067/634/816 1087/645/822
f 1087/645/822 1067/634/816 1089/635/816
f 1091/632/816 1061/629/816 1093/630/822
f 1093/630/822 1123/628/816 1095/646/816
f 1095/646/816 1123/628/816 1097/647/816
f 1097/647/816 1121/585/816 1099/586/816
f 1123/628/816 1121/585/816 1097/647/816
f 1099/586/816 1117/649/822 1101/648/822
f 1101/648/822 1115/651/822 1103/650/816
f 1103/650/816 1115/651/822 1105/652/822
f 1105/652/822 1113/654/816 1107/653/828
f 1115/651/822 1113/654/816 1105/652/822
f 1107/653/828 1111/656/829 1109/655/830
f 1111/656/829 1107/653/828 1113/654/816
f 1115/651/822 1101/648/822 1117/649/822
f 1117/649/822 1099/586/816 1119/584/816
f 548/560/721 547/449/721 1125/448/721
f 1126/587/720 1125/448/720 1127/460/720
f 1128/561/718 1127/460/718 1129/482/718
f 1130/562/717 1129/482/717 1131/493/717
f 1131/493/716 1133/516/716 1134/563/716
f 1133/516/715 1135/524/715 1136/564/715
f 1136/564/714 1135/524/714 1137/549/714
f 1138/589/713 1137/549/713 1139/1/713
f 1140/565/712 1139/1/712 1141/3/712
f 1142/590/711 1141/3/711 1143/35/711
f 1144/566/710 1143/35/710 1145/61/710
f 1145/61/709 1147/69/709 1148/591/709
f 1147/69/708 1149/94/708 1150/568/708
f 1149/94/707 1151/102/707 1152/569/707
f 1152/569/706 1151/102/706 1153/126/706
f 1154/592/705 1153/126/705 579/137/705
f 580/570/704 579/137/704 1155/157/704
f 1156/571/703 1155/157/703 1157/182/703
f 1158/593/702 1157/182/702 1159/190/702
f 1159/190/701 1161/215/701 1162/573/701
f 1162/573/700 1161/215/700 1163/224/700
f 1163/224/699 1165/247/699 1166/574/699
f 1166/574/698 1165/247/698 1167/258/698
f 1168/595/697 1167/258/697 1169/281/697
f 1170/575/696 1169/281/696 1171/290/696
f 1172/576/695 1171/290/695 1173/313/695
f 1174/596/694 1173/313/694 1175/326/694
f 1176/577/693 1175/326/693 1177/345/693
f 1178/578/692 1177/345/692 1179/356/692
f 1179/356/691 1181/379/691 1182/579/691
f 1158/606/719 1128/598/719 1144/621/719
f 1182/579/690 1181/379/690 1183/402/690
f 1184/583/689 1183/402/689 547/411/689
f 1175/651/722 1153/632/722 1183/628/722
f 548/560/721 1125/448/721 1126/587/721
f 1126/587/720 1127/460/720 1128/561/720
f 1128/561/718 1129/482/718 1130/562/718
f 1130/562/717 1131/493/717 1132/588/717
f 1131/493/716 1134/563/716 1132/588/716
f 1133/516/715 1136/564/715 1134/563/715
f 1136/564/714 1137/549/714 1138/589/714
f 1138/589/713 1139/1/713 1140/565/713
f 1140/565/712 1141/3/712 1142/590/712
f 1142/590/711 1143/35/711 1144/566/711
f 1144/566/710 1145/61/710 1146/567/710
f 1145/61/709 1148/591/709 1146/567/709
f 1147/69/708 1150/568/708 1148/591/708
f 1149/94/707 1152/569/707 1150/568/707
f 1152/569/706 1153/126/706 1154/592/706
f 1154/592/705 579/137/705 580/570/705
f 580/570/704 1155/157/704 1156/571/704
f 1156/571/703 1157/182/703 1158/593/703
f 1158/593/702 1159/190/702 1160/572/702
f 1159/190/701 1162/573/701 1160/572/701
f 1162/573/700 1163/224/700 1164/594/700
f 1163/224/699 1166/574/699 1164/594/699
f 1166/574/698 1167/258/698 1168/595/698
f 1168/595/697 1169/281/697 1170/575/697
f 1170/575/696 1171/290/696 1172/576/696
f 1172/576/695 1173/313/695 1174/596/695
f 1174/596/694 1175/326/694 1176/577/694
f 1176/577/693 1177/345/693 1178/578/693
f 1178/578/692 1179/356/692 1180/597/692
f 1179/356/691 1182/579/691 1180/597/691
f 1128/598/719 1182/605/719 1126/599/719
f 1126/599/719 1182/605/719 548/601/719
f 548/601/719 1182/605/719 1184/603/719
f 1182/605/719 1178/608/719 1180/607/719
f 1178/608/719 1174/612/719 1176/610/719
f 1174/612/719 1170/616/719 1172/614/719
f 1170/616/719 1174/612/719 1168/617/719
f 1168/617/719 1174/612/719 1166/615/719
f 1166/615/719 1162/611/719 1164/613/719
f 1162/611/719 1158/606/719 1160/609/719
f 1158/606/719 1152/618/719 1156/604/719
f 1156/604/719 1152/618/719 580/602/719
f 580/602/719 1152/618/719 1154/600/719
f 1152/618/719 1148/582/719 1150/619/719
f 1148/582/719 1144/621/719 1146/620/719
f 1144/621/719 1136/626/719 1142/623/719
f 1142/623/719 1136/626/719 1140/624/719
f 1140/624/719 1136/626/719 1138/625/719
f 1136/626/719 1132/580/719 1134/622/719
f 1132/580/719 1128/598/719 1130/581/719
f 1182/605/719 1128/598/719 1178/608/719
f 1178/608/719 1128/598/719 1174/612/719
f 1166/615/719 1174/612/719 1162/611/719
f 1162/611/719 1174/612/719 1158/606/719
f 1152/618/719 1158/606/719 1148/582/719
f 1148/582/719 1158/606/719 1144/621/719
f 1136/626/719 1144/621/719 1132/580/719
f 1132/580/719 1144/621/719 1128/598/719
f 1128/598/719 1158/606/719 1174/612/719
f 1182/579/690 1183/402/690 1184/583/690
f 1184/583/689 547/411/689 548/627/689
f 1183/628/722 1129/634/722 547/629/722
f 547/629/722 1129/634/722 1125/631/722
f 1125/631/722 1129/634/722 1127/633/722
f 1129/634/722 1137/641/722 1131/636/722
f 1131/636/722 1137/641/722 1133/638/722
f 1133/638/722 1137/641/722 1135/640/722
f 1137/641/722 1145/639/722 1139/643/831
f 1139/643/831 1145/639/722 1141/644/722
f 1141/644/722 1145/639/722 1143/642/722
f 1145/639/722 1149/645/722 1147/637/722
f 1149/645/722 1153/632/722 1151/635/722
f 1153/632/722 1159/586/722 579/630/722
f 579/630/722 1159/586/722 1155/646/722
f 1155/646/722 1159/586/722 1157/647/722
f 1159/586/722 1163/650/722 1161/648/722
f 1163/650/722 1167/653/722 1165/652/722
f 1167/653/722 1175/651/722 1169/655/722
f 1169/655/722 1175/651/722 1171/656/831
f 1171/656/831 1175/651/722 1173/654/722
f 1175/651/722 1179/584/722 1177/649/722
f 1179/584/722 1183/628/722 1181/585/722
f 1145/639/722 1137/641/722 1149/645/722
f 1149/645/722 1137/641/722 1153/632/722
f 1159/586/722 1153/632/722 1163/650/722
f 1163/650/722 1153/632/722 1167/653/722
f 1175/651/722 1183/628/722 1179/584/722
f 1183/628/722 1153/632/722 1129/634/722
f 1129/634/722 1153/632/722 1137/641/722
f 1167/653/722 1153/632/722 1175/651/722
