# Blender 4.4.1
# www.blender.org
mtllib player_red.mtl
o 球.001
v 0.000000 0.730296 -0.244684
v 0.000000 0.608785 -0.366195
v 0.000000 0.450024 -0.431956
v 0.000000 0.364101 -0.440419
v 0.000000 0.278181 -0.431956
v 0.000000 0.119419 -0.366194
v 0.016763 0.796059 -0.084270
v 0.032880 0.770996 -0.165302
v 0.047736 0.730296 -0.239982
v 0.060756 0.675525 -0.305439
v 0.071441 0.608785 -0.359158
v 0.079381 0.532643 -0.399075
v 0.084270 0.450024 -0.423656
v 0.085921 0.364101 -0.431956
v 0.084270 0.278181 -0.423656
v 0.079381 0.195561 -0.399074
v 0.071441 0.119419 -0.359158
v 0.060756 0.052679 -0.305438
v 0.047736 -0.002093 -0.239982
v 0.032880 -0.042791 -0.165302
v 0.016763 -0.067854 -0.084270
v 0.032880 0.796059 -0.079381
v 0.064498 0.770996 -0.155711
v 0.093636 0.730296 -0.226058
v 0.119176 0.675525 -0.287717
v 0.140136 0.608785 -0.338320
v 0.155711 0.532643 -0.375921
v 0.165302 0.450024 -0.399075
v 0.168540 0.364101 -0.406893
v 0.165302 0.278181 -0.399075
v 0.155711 0.195561 -0.375921
v 0.140136 0.119419 -0.338320
v 0.119176 0.052679 -0.287717
v 0.093636 -0.002093 -0.226058
v 0.064498 -0.042791 -0.155711
v 0.032880 -0.067854 -0.079381
v 0.047736 0.796059 -0.071442
v 0.093636 0.770996 -0.140137
v 0.135939 0.730296 -0.203447
v 0.173017 0.675525 -0.258940
v 0.203447 0.608785 -0.304480
v 0.226058 0.532643 -0.338320
v 0.239982 0.450024 -0.359158
v 0.244684 0.364101 -0.366195
v 0.239982 0.278181 -0.359158
v 0.226058 0.195561 -0.338320
v 0.203447 0.119419 -0.304480
v 0.173017 0.052679 -0.258938
v 0.135939 -0.002093 -0.203447
v 0.093636 -0.042791 -0.140137
v 0.047736 -0.067854 -0.071441
v 0.060756 0.796059 -0.060756
v 0.119176 0.770996 -0.119176
v 0.173017 0.730296 -0.173018
v 0.220210 0.675525 -0.220210
v 0.258938 0.608785 -0.258938
v 0.287717 0.532643 -0.287717
v 0.305438 0.450024 -0.305438
v 0.311423 0.364101 -0.311423
v 0.305438 0.278181 -0.305438
v 0.287717 0.195561 -0.287717
v 0.258938 0.119419 -0.258938
v 0.220210 0.052679 -0.220210
v 0.173017 -0.002093 -0.173017
v 0.119176 -0.042791 -0.119176
v 0.060756 -0.067854 -0.060756
v 0.071441 0.796059 -0.047736
v 0.140136 0.770996 -0.093636
v 0.203447 0.730296 -0.135939
v 0.258938 0.675525 -0.173017
v 0.304480 0.608785 -0.203447
v 0.338320 0.532643 -0.226058
v 0.359158 0.450024 -0.239982
v 0.366194 0.364101 -0.244684
v 0.359158 0.278181 -0.239982
v 0.338320 0.195561 -0.226058
v 0.304480 0.119419 -0.203447
v 0.258938 0.052679 -0.173017
v 0.203447 -0.002093 -0.135939
v 0.140136 -0.042791 -0.093636
v 0.071441 -0.067854 -0.047736
v 0.000000 0.804520 -0.000000
v 0.079381 0.796059 -0.032880
v 0.155711 0.770996 -0.064498
v 0.226058 0.730296 -0.093636
v 0.287717 0.675525 -0.119176
v 0.338320 0.608785 -0.140137
v 0.375921 0.532643 -0.155711
v 0.399074 0.450024 -0.165302
v 0.406893 0.364101 -0.168540
v 0.399074 0.278181 -0.165302
v 0.375921 0.195561 -0.155711
v 0.338320 0.119419 -0.140137
v 0.287717 0.052679 -0.119176
v 0.226058 -0.002093 -0.093636
v 0.155711 -0.042791 -0.064498
v 0.079381 -0.067854 -0.032880
v 0.084270 0.796059 -0.016763
v 0.165302 0.770996 -0.032880
v 0.239982 0.730296 -0.047736
v 0.305438 0.675525 -0.060756
v 0.359158 0.608785 -0.071442
v 0.399074 0.532643 -0.079381
v 0.423656 0.450024 -0.084270
v 0.431956 0.364101 -0.085921
v 0.423656 0.278181 -0.084270
v 0.399074 0.195561 -0.079381
v 0.359158 0.119419 -0.071441
v 0.305438 0.052679 -0.060756
v 0.239982 -0.002093 -0.047736
v 0.165302 -0.042791 -0.032880
v 0.084270 -0.067854 -0.016763
v 0.085921 0.796059 -0.000000
v 0.168540 0.770996 -0.000000
v 0.244684 0.730296 -0.000000
v 0.311423 0.675525 -0.000000
v 0.366194 0.608785 -0.000000
v 0.406893 0.532643 -0.000000
v 0.431956 0.450024 -0.000000
v 0.440419 0.364101 -0.000000
v 0.431956 0.278181 -0.000000
v 0.406893 0.195561 -0.000000
v 0.366194 0.119419 -0.000000
v 0.311423 0.052679 -0.000000
v 0.244684 -0.002093 0.000000
v 0.168540 -0.042791 0.000000
v 0.085921 -0.067854 0.000000
v 0.084270 0.796059 0.016763
v 0.165302 0.770996 0.032880
v 0.239982 0.730296 0.047736
v 0.305438 0.675525 0.060756
v 0.359158 0.608785 0.071441
v 0.399074 0.532643 0.079381
v 0.423656 0.450024 0.084271
v 0.431956 0.364101 0.085921
v 0.423656 0.278181 0.084271
v 0.399074 0.195561 0.079381
v 0.359158 0.119419 0.071441
v 0.305438 0.052680 0.060756
v 0.239982 -0.002093 0.047736
v 0.165302 -0.042791 0.032880
v 0.084270 -0.067854 0.016763
v 0.079381 0.796059 0.032880
v 0.155711 0.770996 0.064498
v 0.226058 0.730296 0.093636
v 0.287717 0.675525 0.119176
v 0.338320 0.608785 0.140136
v 0.375921 0.532643 0.155711
v 0.399074 0.450024 0.165302
v 0.406893 0.364101 0.168540
v 0.399074 0.278181 0.165302
v 0.375921 0.195561 0.155711
v 0.338320 0.119419 0.140136
v 0.287717 0.052680 0.119176
v 0.226058 -0.002093 0.093636
v 0.155711 -0.042791 0.064498
v 0.079381 -0.067854 0.032880
v 0.071441 0.796059 0.047736
v 0.140136 0.770996 0.093636
v 0.203447 0.730296 0.135939
v 0.258938 0.675525 0.173017
v 0.304480 0.608785 0.203447
v 0.338320 0.532643 0.226058
v 0.359158 0.450024 0.239982
v 0.366194 0.364102 0.244684
v 0.359158 0.278181 0.239982
v 0.338320 0.195561 0.226058
v 0.304480 0.119419 0.203447
v 0.258938 0.052680 0.173017
v 0.203447 -0.002093 0.135939
v 0.140136 -0.042791 0.093636
v 0.071441 -0.067854 0.047736
v 0.060756 0.796059 0.060756
v 0.119176 0.770996 0.119176
v 0.173017 0.730296 0.173017
v 0.220210 0.675525 0.220210
v 0.258938 0.608785 0.258938
v 0.287717 0.532643 0.287717
v 0.305438 0.450024 0.305438
v 0.311423 0.364102 0.311422
v 0.305438 0.278181 0.305438
v 0.287717 0.195561 0.287717
v 0.258938 0.119419 0.258938
v 0.220210 0.052680 0.220210
v 0.173017 -0.002093 0.173017
v 0.119176 -0.042791 0.119176
v 0.060756 -0.067854 0.060756
v 0.047736 0.796059 0.071441
v 0.093636 0.770996 0.140136
v 0.135939 0.730296 0.203447
v 0.173017 0.675525 0.258938
v 0.203447 0.608785 0.304480
v 0.226058 0.532643 0.338318
v 0.239982 0.450024 0.359158
v 0.244684 0.364102 0.366194
v 0.239982 0.278181 0.359158
v 0.226058 0.195561 0.338320
v 0.203447 0.119419 0.304480
v 0.173017 0.052680 0.258938
v 0.135939 -0.002093 0.203447
v 0.093636 -0.042791 0.140136
v 0.047736 -0.067854 0.071441
v 0.032880 0.796059 0.079381
v 0.064498 0.770996 0.155711
v 0.093636 0.730296 0.226058
v 0.119176 0.675525 0.287717
v 0.140136 0.608785 0.338318
v 0.155711 0.532643 0.375921
v 0.165302 0.450024 0.399074
v 0.168540 0.364102 0.406893
v 0.165302 0.278181 0.399074
v 0.155711 0.195561 0.375921
v 0.140136 0.119419 0.338320
v 0.119176 0.052680 0.287717
v 0.093636 -0.002093 0.226058
v 0.064498 -0.042791 0.155711
v 0.032880 -0.067854 0.079381
v 0.016763 0.796059 0.084269
v 0.032880 0.770996 0.165302
v 0.047736 0.730296 0.239982
v 0.060756 0.675525 0.305438
v 0.071441 0.608785 0.359158
v 0.079381 0.532643 0.399074
v 0.084270 0.450024 0.423656
v 0.085921 0.364102 0.431956
v 0.084270 0.278181 0.423656
v 0.079381 0.195561 0.399074
v 0.071441 0.119419 0.359158
v 0.060756 0.052680 0.305438
v 0.047736 -0.002093 0.239982
v 0.032880 -0.042791 0.165302
v 0.016763 -0.067854 0.084270
v 0.000000 0.796059 0.085921
v 0.000000 0.770996 0.168540
v 0.000000 0.730296 0.244684
v 0.000000 0.675525 0.311422
v 0.000000 0.608785 0.366194
v 0.000000 0.532643 0.406893
v 0.000000 0.450024 0.431956
v 0.000000 0.364102 0.440419
v 0.000000 0.278181 0.431956
v 0.000000 0.195561 0.406893
v 0.000000 0.119419 0.366194
v 0.000000 0.052680 0.311422
v 0.000000 -0.002093 0.244684
v 0.000000 -0.042791 0.168540
v 0.000000 -0.067854 0.085921
v -0.016763 0.796059 0.084269
v -0.032880 0.770996 0.165302
v -0.047736 0.730296 0.239982
v -0.060756 0.675525 0.305438
v -0.071441 0.608785 0.359158
v -0.079381 0.532643 0.399074
v -0.084271 0.450024 0.423656
v -0.085921 0.364102 0.431956
v -0.084271 0.278181 0.423656
v -0.079381 0.195561 0.399074
v -0.071441 0.119419 0.359158
v -0.060756 0.052680 0.305438
v -0.047736 -0.002093 0.239982
v -0.032880 -0.042791 0.165302
v -0.016763 -0.067854 0.084270
v -0.032880 0.796059 0.079381
v -0.064498 0.770996 0.155711
v -0.093636 0.730296 0.226058
v -0.119176 0.675525 0.287717
v -0.140136 0.608785 0.338318
v -0.155711 0.532643 0.375920
v -0.165302 0.450024 0.399074
v -0.168540 0.364102 0.406893
v -0.165302 0.278181 0.399074
v -0.155711 0.195561 0.375920
v -0.140136 0.119419 0.338320
v -0.119176 0.052680 0.287717
v -0.093636 -0.002093 0.226058
v -0.064498 -0.042791 0.155711
v -0.032880 -0.067854 0.079381
v -0.047736 0.796059 0.071441
v -0.093636 0.770996 0.140136
v -0.135939 0.730296 0.203447
v -0.173017 0.675525 0.258938
v -0.203447 0.608785 0.304480
v -0.226058 0.532643 0.338318
v -0.239982 0.450024 0.359158
v -0.244684 0.364102 0.366194
v -0.239982 0.278181 0.359158
v -0.226058 0.195561 0.338320
v -0.203447 0.119419 0.304480
v -0.173017 0.052680 0.258938
v -0.135939 -0.002093 0.203447
v -0.093636 -0.042791 0.140136
v -0.047736 -0.067854 0.071441
v -0.060756 0.796059 0.060756
v -0.119176 0.770996 0.119176
v -0.173017 0.730296 0.173017
v -0.220210 0.675525 0.220209
v -0.258938 0.608785 0.258938
v -0.287717 0.532643 0.287717
v -0.305438 0.450024 0.305438
v -0.311423 0.364102 0.311422
v -0.305438 0.278181 0.305438
v -0.287717 0.195561 0.287717
v -0.258938 0.119419 0.258938
v -0.220210 0.052680 0.220209
v -0.173017 -0.002093 0.173017
v -0.119176 -0.042791 0.119176
v -0.060756 -0.067854 0.060756
v 0.000000 -0.076316 0.000000
v -0.071441 0.796059 0.047736
v -0.140136 0.770996 0.093636
v -0.203447 0.730296 0.135939
v -0.258938 0.675525 0.173017
v -0.304480 0.608785 0.203447
v -0.338320 0.532643 0.226058
v -0.359158 0.450024 0.239982
v -0.366194 0.364102 0.244684
v -0.359158 0.278181 0.239982
v -0.338320 0.195561 0.226058
v -0.304480 0.119419 0.203447
v -0.258938 0.052680 0.173017
v -0.203447 -0.002093 0.135939
v -0.140136 -0.042791 0.093636
v -0.071441 -0.067854 0.047736
v -0.079381 0.796059 0.032880
v -0.155711 0.770996 0.064498
v -0.226058 0.730296 0.093636
v -0.287717 0.675525 0.119176
v -0.338320 0.608785 0.140136
v -0.375920 0.532643 0.155711
v -0.399074 0.450024 0.165302
v -0.406893 0.364101 0.168540
v -0.399074 0.278181 0.165302
v -0.375920 0.195561 0.155711
v -0.338320 0.119419 0.140136
v -0.287717 0.052680 0.119176
v -0.226058 -0.002093 0.093636
v -0.155711 -0.042791 0.064498
v -0.079381 -0.067854 0.032880
v -0.084270 0.796059 0.016763
v -0.165302 0.770996 0.032880
v -0.239982 0.730296 0.047736
v -0.305438 0.675525 0.060756
v -0.359158 0.608785 0.071440
v -0.399074 0.532643 0.079381
v -0.423656 0.450024 0.084270
v -0.431956 0.364101 0.085921
v -0.423656 0.278181 0.084270
v -0.399074 0.195561 0.079381
v -0.359158 0.119419 0.071440
v -0.305438 0.052680 0.060756
v -0.239982 -0.002093 0.047736
v -0.165302 -0.042791 0.032880
v -0.084270 -0.067854 0.016763
v -0.085921 0.796059 -0.000000
v -0.168540 0.770996 -0.000000
v -0.244684 0.730296 -0.000000
v -0.311423 0.675525 -0.000000
v -0.366194 0.608785 -0.000000
v -0.406893 0.532643 -0.000000
v -0.431956 0.450024 -0.000000
v -0.440419 0.364101 -0.000000
v -0.431956 0.278181 -0.000000
v -0.406893 0.195561 -0.000000
v -0.366194 0.119419 -0.000000
v -0.311423 0.052679 -0.000000
v -0.244684 -0.002093 0.000000
v -0.168540 -0.042791 0.000000
v -0.085921 -0.067854 0.000000
v -0.084270 0.796059 -0.016763
v -0.165302 0.770996 -0.032880
v -0.239982 0.730296 -0.047736
v -0.305438 0.675525 -0.060756
v -0.359158 0.608785 -0.071442
v -0.399074 0.532643 -0.079381
v -0.423656 0.450024 -0.084271
v -0.431955 0.364101 -0.085921
v -0.423656 0.278181 -0.084271
v -0.399074 0.195561 -0.079381
v -0.359158 0.119419 -0.071441
v -0.305438 0.052679 -0.060756
v -0.239982 -0.002093 -0.047736
v -0.165302 -0.042791 -0.032880
v -0.084270 -0.067854 -0.016763
v -0.079381 0.796059 -0.032880
v -0.155711 0.770996 -0.064498
v -0.226058 0.730296 -0.093636
v -0.287717 0.675525 -0.119176
v -0.338320 0.608785 -0.140137
v -0.375920 0.532643 -0.155711
v -0.399074 0.450024 -0.165302
v -0.406893 0.364101 -0.168540
v -0.399074 0.278181 -0.165302
v -0.375920 0.195561 -0.155711
v -0.338320 0.119419 -0.140137
v -0.287717 0.052679 -0.119176
v -0.226058 -0.002093 -0.093636
v -0.155711 -0.042791 -0.064498
v -0.079381 -0.067854 -0.032880
v -0.071440 0.796059 -0.047736
v -0.140136 0.770996 -0.093636
v -0.203446 0.730296 -0.135939
v -0.258938 0.675525 -0.173017
v -0.304480 0.608785 -0.203447
v -0.338320 0.532643 -0.226058
v -0.359158 0.450024 -0.239982
v -0.366193 0.364101 -0.244684
v -0.359158 0.278181 -0.239982
v -0.338320 0.195561 -0.226058
v -0.304480 0.119419 -0.203447
v -0.258938 0.052679 -0.173017
v -0.203446 -0.002093 -0.135939
v -0.140136 -0.042791 -0.093636
v -0.071440 -0.067854 -0.047736
v -0.060756 0.796059 -0.060756
v -0.119176 0.770996 -0.119176
v -0.173017 0.730296 -0.173018
v -0.220209 0.675525 -0.220209
v -0.258938 0.608785 -0.258938
v -0.287717 0.532643 -0.287717
v -0.305438 0.450024 -0.305438
v -0.311423 0.364101 -0.311423
v -0.305438 0.278181 -0.305438
v -0.287717 0.195561 -0.287717
v -0.258938 0.119419 -0.258938
v -0.220209 0.052679 -0.220209
v -0.173017 -0.002093 -0.173017
v -0.119176 -0.042791 -0.119176
v -0.060756 -0.067854 -0.060756
v -0.047736 0.796059 -0.071442
v -0.093636 0.770996 -0.140137
v -0.135939 0.730296 -0.203447
v -0.173017 0.675525 -0.258938
v -0.203446 0.608785 -0.304480
v -0.226058 0.532643 -0.338320
v -0.239982 0.450024 -0.359158
v -0.244684 0.364101 -0.366195
v -0.239982 0.278181 -0.359158
v -0.226058 0.195561 -0.338320
v -0.203446 0.119419 -0.304480
v -0.173017 0.052679 -0.258938
v -0.135939 -0.002093 -0.203447
v -0.093636 -0.042791 -0.140137
v -0.047736 -0.067854 -0.071441
v -0.032880 0.796059 -0.079381
v -0.064498 0.770996 -0.155711
v -0.093636 0.730296 -0.226058
v -0.119176 0.675525 -0.287717
v -0.140136 0.608785 -0.338320
v -0.155711 0.532643 -0.375920
v -0.165302 0.450024 -0.399075
v -0.168540 0.364101 -0.406893
v -0.165302 0.278181 -0.399075
v -0.155711 0.195561 -0.375920
v -0.140136 0.119419 -0.338320
v -0.119176 0.052679 -0.287717
v -0.093636 -0.002093 -0.226058
v -0.064498 -0.042791 -0.155711
v -0.032880 -0.067854 -0.079381
v -0.016763 0.796059 -0.084270
v -0.032880 0.770996 -0.165302
v -0.047735 0.730296 -0.239982
v -0.060756 0.675525 -0.305439
v -0.071440 0.608785 -0.359158
v -0.079381 0.532643 -0.399075
v -0.084270 0.450024 -0.423656
v -0.085921 0.364101 -0.431956
v -0.084270 0.278181 -0.423656
v -0.079381 0.195561 -0.399074
v -0.071440 0.119419 -0.359158
v -0.060756 0.052679 -0.305438
v -0.047735 -0.002093 -0.239982
v -0.032880 -0.042791 -0.165302
v -0.016763 -0.067854 -0.084270
v 0.000000 0.796059 -0.085921
v 0.000000 0.770996 -0.168541
v 0.000000 0.675525 -0.311423
v 0.000000 0.532643 -0.406893
v 0.000000 0.195561 -0.406893
v 0.000000 0.052679 -0.311423
v 0.000000 -0.002093 -0.244684
v 0.000000 -0.042791 -0.168540
v 0.000000 -0.067854 -0.085921
v -0.504269 -0.102017 -0.196906
v -0.484199 -0.025771 0.168622
v -0.490637 -0.103814 -0.197280
v -0.470567 -0.027567 0.168248
v -0.477598 -0.108128 -0.197095
v -0.457528 -0.031880 0.168431
v -0.465654 -0.114795 -0.196361
v -0.445584 -0.038548 0.169167
v -0.455262 -0.123557 -0.195103
v -0.435193 -0.047310 0.170424
v -0.446824 -0.134079 -0.193373
v -0.426755 -0.057831 0.172155
v -0.440663 -0.145955 -0.191233
v -0.420593 -0.069709 0.174294
v -0.437015 -0.158731 -0.188768
v -0.416945 -0.082484 0.176759
v -0.436022 -0.171915 -0.186073
v -0.415952 -0.095668 0.179455
v -0.437720 -0.184998 -0.183250
v -0.417650 -0.108752 0.182276
v -0.442045 -0.197482 -0.180410
v -0.421975 -0.121235 0.185118
v -0.448830 -0.208883 -0.177657
v -0.428762 -0.132636 0.187868
v -0.457818 -0.218766 -0.175103
v -0.437748 -0.142517 0.190423
v -0.468658 -0.226747 -0.172844
v -0.448588 -0.150500 0.192685
v -0.480937 -0.232524 -0.170964
v -0.460867 -0.156275 0.194564
v -0.494180 -0.235872 -0.169538
v -0.474110 -0.159624 0.195989
v -0.507883 -0.236662 -0.168622
v -0.487813 -0.160416 0.196906
v -0.521515 -0.234866 -0.168248
v -0.501444 -0.158619 0.197280
v -0.534553 -0.230553 -0.168431
v -0.514483 -0.154305 0.197095
v -0.546498 -0.223885 -0.169167
v -0.526427 -0.147639 0.196361
v -0.556888 -0.215123 -0.170424
v -0.536820 -0.138876 0.195103
v -0.565326 -0.204602 -0.172155
v -0.545258 -0.128354 0.193373
v -0.571489 -0.192724 -0.174295
v -0.551418 -0.116478 0.191233
v -0.575137 -0.179949 -0.176759
v -0.555066 -0.103702 0.188769
v -0.576129 -0.166765 -0.179455
v -0.556059 -0.090518 0.186073
v -0.574432 -0.153682 -0.182276
v -0.554361 -0.077433 0.183250
v -0.570105 -0.141198 -0.185118
v -0.550035 -0.064952 0.180410
v -0.563320 -0.129797 -0.187869
v -0.543250 -0.053550 0.177657
v -0.554334 -0.119916 -0.190423
v -0.534264 -0.043668 0.175104
v -0.543494 -0.111933 -0.192683
v -0.523423 -0.035686 0.172844
v -0.531215 -0.106158 -0.194564
v -0.511146 -0.029910 0.170965
v -0.517971 -0.102809 -0.195989
v -0.497901 -0.026561 0.169538
v 0.536406 -0.109738 -0.100733
v 0.450816 -0.032706 0.255030
v 0.523048 -0.111333 -0.103601
v 0.437458 -0.034302 0.252162
v 0.510134 -0.115455 -0.105816
v 0.424544 -0.038423 0.249947
v 0.498160 -0.121944 -0.107291
v 0.412570 -0.044912 0.248471
v 0.487586 -0.130552 -0.107971
v 0.401997 -0.053520 0.247791
v 0.478822 -0.140946 -0.107830
v 0.393232 -0.063914 0.247933
v 0.472198 -0.152727 -0.106872
v 0.386608 -0.075696 0.248890
v 0.467972 -0.165445 -0.105135
v 0.382382 -0.088414 0.250627
v 0.466308 -0.178609 -0.102685
v 0.380718 -0.101577 0.253078
v 0.467268 -0.191713 -0.099617
v 0.381678 -0.114681 0.256146
v 0.470815 -0.204253 -0.096048
v 0.385225 -0.127224 0.259714
v 0.476814 -0.215750 -0.092116
v 0.391224 -0.138719 0.263647
v 0.485033 -0.225759 -0.087971
v 0.399443 -0.148727 0.267792
v 0.495157 -0.233896 -0.083774
v 0.409567 -0.156866 0.271989
v 0.506797 -0.239851 -0.079684
v 0.421207 -0.162819 0.276078
v 0.519505 -0.243391 -0.075861
v 0.433915 -0.166361 0.279902
v 0.532792 -0.244383 -0.072449
v 0.447203 -0.167351 0.283314
v 0.546152 -0.242787 -0.069580
v 0.460560 -0.165755 0.286181
v 0.559065 -0.238666 -0.067366
v 0.473474 -0.161634 0.288397
v 0.571038 -0.232176 -0.065891
v 0.485448 -0.155144 0.289872
v 0.581612 -0.223570 -0.065211
v 0.496022 -0.146538 0.290552
v 0.590378 -0.213175 -0.065352
v 0.504788 -0.136143 0.290411
v 0.597002 -0.201392 -0.066309
v 0.511412 -0.124361 0.289454
v 0.601226 -0.188675 -0.068048
v 0.515636 -0.111645 0.287717
v 0.602890 -0.175512 -0.070496
v 0.517300 -0.098480 0.285266
v 0.601931 -0.162408 -0.073565
v 0.516341 -0.085376 0.282198
v 0.598384 -0.149865 -0.077134
v 0.512793 -0.072835 0.278629
v 0.592385 -0.138370 -0.081066
v 0.506795 -0.061340 0.274697
v 0.584165 -0.128361 -0.085210
v 0.498575 -0.051330 0.270552
v 0.574043 -0.120223 -0.089407
v 0.488452 -0.043193 0.266354
v 0.562403 -0.114270 -0.093498
v 0.476811 -0.037238 0.262265
v 0.549693 -0.110729 -0.097322
v 0.464103 -0.033698 0.258442
v 0.000000 -0.669826 -0.466367
v 0.000000 0.262910 -0.343176
v 0.090984 -0.669826 -0.457406
v 0.066951 0.262910 -0.336583
v 0.178471 -0.669826 -0.430867
v 0.131328 0.262910 -0.317054
v 0.259100 -0.669826 -0.387770
v 0.190658 0.262910 -0.285341
v 0.329771 -0.669826 -0.329771
v 0.242661 0.262910 -0.242663
v 0.387770 -0.669826 -0.259100
v 0.285341 0.262910 -0.190658
v 0.430867 -0.669826 -0.178471
v 0.317052 0.262910 -0.131328
v 0.457406 -0.669826 -0.090984
v 0.336581 0.262910 -0.066951
v 0.466367 -0.669824 0.000000
v 0.343176 0.262910 -0.000000
v 0.457406 -0.669824 0.090984
v 0.336581 0.262910 0.066951
v 0.430867 -0.669824 0.178471
v 0.317052 0.262910 0.131328
v 0.387770 -0.669824 0.259100
v 0.285341 0.262910 0.190658
v 0.329771 -0.669824 0.329772
v 0.242661 0.262910 0.242661
v 0.259100 -0.669824 0.387770
v 0.190658 0.262910 0.285341
v 0.178471 -0.669824 0.430867
v 0.131328 0.262910 0.317052
v 0.090984 -0.669824 0.457406
v 0.066951 0.262910 0.336581
v 0.000000 -0.669824 0.466367
v 0.000000 0.262910 0.343176
v -0.090984 -0.669824 0.457406
v -0.066951 0.262910 0.336581
v -0.178471 -0.669824 0.430867
v -0.131328 0.262910 0.317052
v -0.259100 -0.669824 0.387770
v -0.190658 0.262910 0.285341
v -0.329771 -0.669824 0.329772
v -0.242661 0.262910 0.242661
v -0.387770 -0.669824 0.259100
v -0.285341 0.262910 0.190658
v -0.430867 -0.669824 0.178471
v -0.317052 0.262910 0.131328
v -0.457406 -0.669824 0.090984
v -0.336581 0.262910 0.066951
v -0.466367 -0.669824 0.000000
v -0.343176 0.262910 -0.000000
v -0.457406 -0.669826 -0.090984
v -0.336581 0.262910 -0.066951
v -0.430867 -0.669826 -0.178471
v -0.317052 0.262910 -0.131328
v -0.387770 -0.669826 -0.259100
v -0.285341 0.262910 -0.190658
v -0.329771 -0.669826 -0.329771
v -0.242661 0.262910 -0.242663
v -0.259100 -0.669826 -0.387770
v -0.190658 0.262910 -0.285341
v -0.178471 -0.669826 -0.430867
v -0.131328 0.262910 -0.317054
v -0.090984 -0.669826 -0.457406
v -0.066951 0.262910 -0.336583
vn 0.0976 0.0976 -0.9904
vn 0.0097 0.9951 -0.0980
vn 0.0097 -0.9951 -0.0980
vn 0.0976 -0.0976 -0.9904
vn 0.0286 0.9565 -0.2902
vn 0.0938 -0.2890 -0.9527
vn 0.0464 0.8810 -0.4709
vn 0.0865 -0.4696 -0.8786
vn 0.0624 0.7715 -0.6332
vn 0.0759 -0.6326 -0.7708
vn 0.0759 0.6326 -0.7708
vn 0.0624 -0.7715 -0.6332
vn 0.0865 0.4696 -0.8786
vn 0.0464 -0.8810 -0.4709
vn 0.0938 0.2890 -0.9527
vn 0.0286 -0.9565 -0.2902
vn 0.2779 0.2890 -0.9161
vn 0.0846 -0.9565 -0.2790
vn 0.2889 0.0976 -0.9524
vn 0.2889 0.0975 -0.9524
vn 0.0286 0.9951 -0.0942
vn 0.0286 -0.9951 -0.0942
vn 0.2889 -0.0976 -0.9524
vn 0.0846 0.9565 -0.2790
vn 0.2779 -0.2890 -0.9161
vn 0.1374 0.8810 -0.4528
vn 0.2563 -0.4696 -0.8448
vn 0.1847 0.7715 -0.6088
vn 0.2248 -0.6326 -0.7412
vn 0.2248 0.6326 -0.7412
vn 0.1847 -0.7715 -0.6088
vn 0.2563 0.4696 -0.8448
vn 0.2563 0.4696 -0.8449
vn 0.1374 -0.8810 -0.4528
vn 0.4162 -0.4696 -0.7786
vn 0.2999 0.7715 -0.5611
vn 0.3651 -0.6326 -0.6831
vn 0.3651 0.6326 -0.6831
vn 0.2999 -0.7715 -0.5611
vn 0.4162 0.4696 -0.7786
vn 0.2230 -0.8810 -0.4173
vn 0.4513 0.2890 -0.8443
vn 0.1374 -0.9565 -0.2572
vn 0.4691 0.0975 -0.8777
vn 0.0464 0.9951 -0.0869
vn 0.0464 -0.9951 -0.0868
vn 0.4691 -0.0976 -0.8777
vn 0.1374 0.9565 -0.2572
vn 0.4513 -0.2890 -0.8443
vn 0.2230 0.8810 -0.4173
vn 0.2231 0.8810 -0.4173
vn 0.1850 -0.9565 -0.2254
vn 0.6314 0.0976 -0.7693
vn 0.0625 0.9951 -0.0761
vn 0.0625 -0.9951 -0.0761
vn 0.6314 -0.0976 -0.7693
vn 0.1850 0.9565 -0.2254
vn 0.6073 -0.2890 -0.7400
vn 0.3002 0.8810 -0.3658
vn 0.5601 -0.4696 -0.6825
vn 0.4036 0.7715 -0.4918
vn 0.4913 -0.6326 -0.5987
vn 0.4914 0.6326 -0.5987
vn 0.4913 0.6326 -0.5987
vn 0.4036 -0.7715 -0.4918
vn 0.5601 0.4696 -0.6825
vn 0.3002 -0.8810 -0.3658
vn 0.6073 0.2890 -0.7400
vn 0.4918 0.7715 -0.4036
vn 0.5987 -0.6326 -0.4913
vn 0.5987 0.6326 -0.4913
vn 0.5987 0.6326 -0.4914
vn 0.4918 -0.7715 -0.4036
vn 0.6825 0.4696 -0.5601
vn 0.3658 -0.8810 -0.3002
vn 0.7400 0.2890 -0.6073
vn 0.2254 -0.9565 -0.1850
vn 0.7693 0.0976 -0.6314
vn 0.0761 0.9951 -0.0625
vn 0.0761 -0.9951 -0.0625
vn 0.7693 -0.0976 -0.6314
vn 0.2254 0.9565 -0.1850
vn 0.7400 -0.2890 -0.6073
vn 0.3658 0.8810 -0.3002
vn 0.6825 -0.4696 -0.5601
vn 0.8777 0.0975 -0.4691
vn 0.0868 0.9951 -0.0464
vn 0.0868 -0.9951 -0.0464
vn 0.8777 -0.0976 -0.4691
vn 0.2572 0.9565 -0.1374
vn 0.2572 0.9565 -0.1375
vn 0.8443 -0.2890 -0.4513
vn 0.4173 0.8810 -0.2231
vn 0.4173 0.8810 -0.2230
vn 0.7786 -0.4696 -0.4162
vn 0.5611 0.7715 -0.2999
vn 0.6831 -0.6326 -0.3651
vn 0.6831 0.6326 -0.3651
vn 0.5611 -0.7715 -0.2999
vn 0.7786 0.4696 -0.4162
vn 0.4173 -0.8810 -0.2230
vn 0.8443 0.2890 -0.4513
vn 0.2572 -0.9565 -0.1374
vn 0.7412 -0.6326 -0.2248
vn 0.7412 0.6326 -0.2248
vn 0.6088 -0.7715 -0.1847
vn 0.8449 0.4696 -0.2563
vn 0.4528 -0.8810 -0.1374
vn 0.9161 0.2890 -0.2779
vn 0.2790 -0.9565 -0.0846
vn 0.9524 0.0976 -0.2889
vn 0.0942 0.9951 -0.0286
vn 0.0942 -0.9951 -0.0286
vn 0.9524 -0.0976 -0.2889
vn 0.2790 0.9565 -0.0846
vn 0.9161 -0.2890 -0.2779
vn 0.4528 0.8810 -0.1374
vn 0.8449 -0.4696 -0.2563
vn 0.8448 -0.4696 -0.2563
vn 0.6088 0.7715 -0.1847
vn 0.0980 -0.9951 -0.0097
vn 0.9904 -0.0976 -0.0976
vn 0.2902 0.9565 -0.0286
vn 0.9527 -0.2890 -0.0938
vn 0.4709 0.8810 -0.0464
vn 0.8786 -0.4696 -0.0865
vn 0.6332 0.7715 -0.0624
vn 0.7708 -0.6326 -0.0759
vn 0.7708 0.6326 -0.0759
vn 0.6332 -0.7715 -0.0624
vn 0.8786 0.4696 -0.0865
vn 0.4709 -0.8810 -0.0464
vn 0.9527 0.2890 -0.0938
vn 0.2902 -0.9565 -0.0286
vn 0.9904 0.0976 -0.0976
vn 0.9904 0.0975 -0.0976
vn 0.0980 0.9951 -0.0097
vn 0.6332 -0.7715 0.0624
vn 0.8786 0.4696 0.0865
vn 0.4709 -0.8810 0.0464
vn 0.9527 0.2890 0.0938
vn 0.2902 -0.9565 0.0286
vn 0.9904 0.0976 0.0976
vn 0.0980 0.9951 0.0097
vn 0.0980 -0.9951 0.0097
vn 0.9904 -0.0976 0.0976
vn 0.2902 0.9565 0.0286
vn 0.9527 -0.2890 0.0938
vn 0.4709 0.8810 0.0464
vn 0.8786 -0.4696 0.0865
vn 0.6332 0.7715 0.0624
vn 0.7708 -0.6326 0.0759
vn 0.7708 0.6326 0.0759
vn 0.2790 0.9565 0.0846
vn 0.9161 -0.2890 0.2779
vn 0.4528 0.8810 0.1374
vn 0.8448 -0.4696 0.2563
vn 0.6088 0.7715 0.1847
vn 0.7412 -0.6326 0.2248
vn 0.7412 0.6326 0.2248
vn 0.6088 -0.7715 0.1847
vn 0.8448 0.4696 0.2563
vn 0.8449 0.4696 0.2563
vn 0.4528 -0.8810 0.1374
vn 0.9161 0.2890 0.2779
vn 0.2790 -0.9565 0.0846
vn 0.9524 0.0975 0.2889
vn 0.0942 0.9951 0.0286
vn 0.0942 -0.9951 0.0286
vn 0.9524 -0.0975 0.2889
vn 0.9524 -0.0976 0.2889
vn 0.7786 0.4696 0.4162
vn 0.4173 -0.8810 0.2230
vn 0.8443 0.2890 0.4513
vn 0.2572 -0.9565 0.1374
vn 0.8777 0.0975 0.4691
vn 0.0868 0.9951 0.0464
vn 0.0868 -0.9951 0.0464
vn 0.8777 -0.0976 0.4691
vn 0.2572 0.9565 0.1374
vn 0.2572 0.9565 0.1375
vn 0.8443 -0.2890 0.4513
vn 0.4173 0.8810 0.2231
vn 0.4173 0.8810 0.2230
vn 0.7786 -0.4696 0.4162
vn 0.5611 0.7715 0.2999
vn 0.6831 -0.6326 0.3651
vn 0.6831 0.6326 0.3651
vn 0.5611 -0.7715 0.2999
vn 0.7400 -0.2890 0.6073
vn 0.3658 0.8810 0.3002
vn 0.6825 -0.4696 0.5601
vn 0.4918 0.7715 0.4036
vn 0.5987 -0.6326 0.4913
vn 0.5987 0.6326 0.4913
vn 0.5987 0.6326 0.4914
vn 0.4918 -0.7715 0.4036
vn 0.6825 0.4696 0.5601
vn 0.3658 -0.8810 0.3002
vn 0.7400 0.2890 0.6073
vn 0.2254 -0.9565 0.1850
vn 0.7693 0.0976 0.6314
vn 0.0761 0.9951 0.0625
vn 0.0761 -0.9951 0.0625
vn 0.7693 -0.0976 0.6314
vn 0.2254 0.9565 0.1850
vn 0.3002 -0.8810 0.3658
vn 0.6073 0.2890 0.7400
vn 0.1850 -0.9565 0.2254
vn 0.6314 0.0976 0.7693
vn 0.0625 0.9951 0.0761
vn 0.0625 -0.9951 0.0761
vn 0.6314 -0.0976 0.7693
vn 0.1850 0.9565 0.2254
vn 0.6073 -0.2890 0.7400
vn 0.3002 0.8810 0.3658
vn 0.5601 -0.4696 0.6825
vn 0.4036 0.7715 0.4918
vn 0.4913 -0.6326 0.5987
vn 0.4913 0.6326 0.5987
vn 0.4914 0.6326 0.5987
vn 0.4036 -0.7715 0.4918
vn 0.5601 0.4696 0.6825
vn 0.2231 0.8810 0.4173
vn 0.2230 0.8810 0.4173
vn 0.4162 -0.4696 0.7786
vn 0.2999 0.7715 0.5611
vn 0.3651 -0.6326 0.6831
vn 0.3651 0.6326 0.6831
vn 0.2999 -0.7715 0.5611
vn 0.4162 0.4696 0.7786
vn 0.2230 -0.8810 0.4173
vn 0.4513 0.2890 0.8443
vn 0.1374 -0.9565 0.2572
vn 0.4691 0.0975 0.8777
vn 0.0464 0.9951 0.0869
vn 0.0464 -0.9951 0.0868
vn 0.4691 -0.0976 0.8777
vn 0.1374 0.9565 0.2572
vn 0.1375 0.9565 0.2572
vn 0.4513 -0.2890 0.8443
vn 0.2779 0.2890 0.9161
vn 0.0846 -0.9565 0.2790
vn 0.2889 0.0976 0.9524
vn 0.2889 0.0975 0.9524
vn 0.0286 0.9951 0.0942
vn 0.0286 -0.9951 0.0942
vn 0.2889 -0.0976 0.9524
vn 0.0846 0.9565 0.2790
vn 0.2779 -0.2890 0.9161
vn 0.1374 0.8810 0.4528
vn 0.2563 -0.4696 0.8448
vn 0.1847 0.7715 0.6088
vn 0.2248 -0.6326 0.7412
vn 0.2248 0.6326 0.7412
vn 0.1847 -0.7715 0.6088
vn 0.2563 0.4696 0.8448
vn 0.2563 0.4696 0.8449
vn 0.1374 -0.8810 0.4528
vn 0.0865 -0.4696 0.8786
vn 0.0624 0.7715 0.6332
vn 0.0759 -0.6326 0.7708
vn 0.0759 0.6326 0.7708
vn 0.0624 -0.7715 0.6332
vn 0.0865 0.4696 0.8786
vn 0.0464 -0.8810 0.4709
vn 0.0938 0.2890 0.9527
vn 0.0286 -0.9565 0.2902
vn 0.0976 0.0976 0.9904
vn 0.0097 0.9951 0.0980
vn 0.0097 -0.9951 0.0980
vn 0.0976 -0.0976 0.9904
vn 0.0286 0.9565 0.2902
vn 0.0938 -0.2890 0.9527
vn 0.0464 0.8810 0.4709
vn -0.0286 -0.9565 0.2902
vn -0.0976 0.0976 0.9904
vn -0.0097 0.9951 0.0980
vn -0.0097 -0.9951 0.0980
vn -0.0976 -0.0976 0.9904
vn -0.0975 -0.0976 0.9904
vn -0.0286 0.9565 0.2902
vn -0.0938 -0.2890 0.9527
vn -0.0464 0.8810 0.4709
vn -0.0865 -0.4696 0.8786
vn -0.0624 0.7715 0.6332
vn -0.0759 -0.6326 0.7708
vn -0.0759 0.6326 0.7708
vn -0.0624 -0.7715 0.6332
vn -0.0865 0.4696 0.8786
vn -0.0464 -0.8810 0.4709
vn -0.0938 0.2890 0.9527
vn -0.2248 -0.6326 0.7412
vn -0.2248 0.6326 0.7412
vn -0.1847 -0.7715 0.6088
vn -0.2563 0.4696 0.8448
vn -0.1374 -0.8810 0.4528
vn -0.2779 0.2890 0.9161
vn -0.0846 -0.9565 0.2790
vn -0.2889 0.0975 0.9524
vn -0.0286 0.9951 0.0942
vn -0.0286 -0.9951 0.0942
vn -0.2889 -0.0975 0.9524
vn -0.2889 -0.0976 0.9524
vn -0.0846 0.9565 0.2790
vn -0.2779 -0.2890 0.9161
vn -0.1374 0.8810 0.4528
vn -0.2563 -0.4696 0.8449
vn -0.1847 0.7715 0.6088
vn -0.0464 0.9951 0.0869
vn -0.0464 -0.9951 0.0868
vn -0.4691 -0.0976 0.8777
vn -0.1374 0.9565 0.2572
vn -0.1375 0.9565 0.2572
vn -0.4513 -0.2890 0.8443
vn -0.2230 0.8810 0.4173
vn -0.2231 0.8810 0.4173
vn -0.4162 -0.4696 0.7786
vn -0.2999 0.7715 0.5611
vn -0.3651 -0.6326 0.6831
vn -0.3651 0.6326 0.6831
vn -0.2999 -0.7715 0.5611
vn -0.4162 0.4696 0.7786
vn -0.2230 -0.8810 0.4173
vn -0.4513 0.2890 0.8443
vn -0.1374 -0.9565 0.2572
vn -0.4691 0.0975 0.8777
vn -0.4913 0.6326 0.5987
vn -0.4036 -0.7715 0.4918
vn -0.5601 0.4696 0.6825
vn -0.3002 -0.8810 0.3658
vn -0.6073 0.2890 0.7400
vn -0.1850 -0.9565 0.2254
vn -0.6314 0.0976 0.7693
vn -0.0625 0.9951 0.0761
vn -0.0625 -0.9951 0.0761
vn -0.6314 -0.0976 0.7693
vn -0.1850 0.9565 0.2254
vn -0.6073 -0.2890 0.7400
vn -0.3002 0.8810 0.3658
vn -0.5601 -0.4696 0.6825
vn -0.4036 0.7715 0.4918
vn -0.4913 -0.6326 0.5987
vn -0.7693 -0.0976 0.6314
vn -0.2254 0.9565 0.1850
vn -0.7400 -0.2890 0.6073
vn -0.3658 0.8810 0.3002
vn -0.6825 -0.4696 0.5601
vn -0.4918 0.7715 0.4036
vn -0.5987 -0.6326 0.4913
vn -0.5987 0.6326 0.4913
vn -0.4918 -0.7715 0.4036
vn -0.6825 0.4696 0.5601
vn -0.3658 -0.8810 0.3002
vn -0.7400 0.2890 0.6073
vn -0.2254 -0.9565 0.1850
vn -0.7693 0.0976 0.6314
vn -0.0761 0.9951 0.0625
vn -0.0761 -0.9951 0.0625
vn -0.5611 -0.7715 0.2999
vn -0.7786 0.4696 0.4162
vn -0.4173 -0.8810 0.2230
vn -0.8443 0.2890 0.4513
vn -0.2572 -0.9565 0.1374
vn -0.8777 0.0975 0.4691
vn -0.0868 0.9951 0.0464
vn -0.0868 -0.9951 0.0464
vn -0.8777 -0.0976 0.4691
vn -0.2572 0.9565 0.1374
vn -0.2572 0.9565 0.1375
vn -0.8443 -0.2890 0.4513
vn -0.4173 0.8810 0.2231
vn -0.4173 0.8810 0.2230
vn -0.7786 -0.4696 0.4162
vn -0.5611 0.7715 0.2999
vn -0.6831 -0.6326 0.3651
vn -0.6831 0.6326 0.3651
vn -0.2790 0.9565 0.0846
vn -0.9161 -0.2890 0.2779
vn -0.4528 0.8810 0.1374
vn -0.8448 -0.4696 0.2563
vn -0.8449 -0.4696 0.2563
vn -0.6088 0.7715 0.1847
vn -0.7412 -0.6326 0.2248
vn -0.7412 0.6326 0.2248
vn -0.6088 -0.7715 0.1847
vn -0.8449 0.4696 0.2563
vn -0.4528 -0.8810 0.1374
vn -0.9161 0.2890 0.2779
vn -0.2790 -0.9565 0.0846
vn -0.9524 0.0976 0.2889
vn -0.0942 0.9951 0.0286
vn -0.0942 -0.9951 0.0286
vn -0.9524 -0.0976 0.2889
vn -0.8786 0.4696 0.0865
vn -0.4709 -0.8810 0.0464
vn -0.9527 0.2890 0.0938
vn -0.2902 -0.9565 0.0286
vn -0.9904 0.0976 0.0976
vn -0.9904 0.0975 0.0976
vn -0.0980 0.9951 0.0097
vn -0.0980 -0.9951 0.0097
vn -0.9904 -0.0976 0.0976
vn -0.2902 0.9565 0.0286
vn -0.9527 -0.2890 0.0938
vn -0.4709 0.8810 0.0464
vn -0.8786 -0.4696 0.0865
vn -0.6332 0.7715 0.0624
vn -0.7708 -0.6326 0.0759
vn -0.7708 0.6326 0.0759
vn -0.6332 -0.7715 0.0624
vn -0.9527 -0.2890 -0.0938
vn -0.4709 0.8810 -0.0464
vn -0.8786 -0.4696 -0.0865
vn -0.6332 0.7715 -0.0624
vn -0.7708 -0.6326 -0.0759
vn -0.7708 0.6326 -0.0759
vn -0.6332 -0.7715 -0.0624
vn -0.8786 0.4696 -0.0865
vn -0.4709 -0.8810 -0.0464
vn -0.9527 0.2890 -0.0938
vn -0.2902 -0.9565 -0.0286
vn -0.9904 0.0975 -0.0976
vn -0.9904 0.0976 -0.0976
vn -0.0980 0.9951 -0.0097
vn -0.0980 -0.9951 -0.0097
vn -0.9904 -0.0975 -0.0976
vn -0.2902 0.9565 -0.0286
vn -0.4528 -0.8810 -0.1374
vn -0.9161 0.2890 -0.2779
vn -0.2790 -0.9565 -0.0846
vn -0.9524 0.0975 -0.2889
vn -0.0942 0.9951 -0.0286
vn -0.0942 -0.9951 -0.0286
vn -0.9524 -0.0975 -0.2889
vn -0.9524 -0.0976 -0.2889
vn -0.2790 0.9565 -0.0846
vn -0.9161 -0.2890 -0.2779
vn -0.4528 0.8810 -0.1374
vn -0.8449 -0.4696 -0.2563
vn -0.6088 0.7715 -0.1847
vn -0.7412 -0.6326 -0.2248
vn -0.7412 0.6326 -0.2248
vn -0.6088 -0.7715 -0.1847
vn -0.8449 0.4696 -0.2563
vn -0.8448 0.4696 -0.2563
vn -0.7786 -0.4696 -0.4162
vn -0.5611 0.7715 -0.2999
vn -0.6831 -0.6326 -0.3651
vn -0.6831 0.6326 -0.3651
vn -0.5611 -0.7715 -0.2999
vn -0.7786 0.4696 -0.4162
vn -0.4173 -0.8810 -0.2231
vn -0.4173 -0.8810 -0.2230
vn -0.8443 0.2890 -0.4513
vn -0.2571 -0.9565 -0.1375
vn -0.8777 0.0975 -0.4691
vn -0.8777 0.0975 -0.4692
vn -0.0868 0.9951 -0.0464
vn -0.0868 -0.9951 -0.0464
vn -0.8777 -0.0975 -0.4691
vn -0.8777 -0.0976 -0.4691
vn -0.2571 0.9565 -0.1375
vn -0.2571 0.9565 -0.1374
vn -0.8443 -0.2890 -0.4513
vn -0.4173 0.8810 -0.2231
vn -0.2254 -0.9565 -0.1850
vn -0.7693 0.0976 -0.6314
vn -0.0761 0.9951 -0.0625
vn -0.0761 -0.9951 -0.0625
vn -0.7693 -0.0976 -0.6314
vn -0.7693 -0.0975 -0.6314
vn -0.2254 0.9565 -0.1850
vn -0.7400 -0.2890 -0.6073
vn -0.3658 0.8810 -0.3002
vn -0.6825 -0.4696 -0.5601
vn -0.4918 0.7715 -0.4036
vn -0.5987 -0.6326 -0.4913
vn -0.5987 0.6326 -0.4913
vn -0.4918 -0.7715 -0.4036
vn -0.6825 0.4696 -0.5601
vn -0.3658 -0.8810 -0.3002
vn -0.7400 0.2890 -0.6073
vn -0.4036 0.7715 -0.4918
vn -0.4913 -0.6326 -0.5987
vn -0.4913 0.6326 -0.5987
vn -0.4036 -0.7715 -0.4918
vn -0.5601 0.4696 -0.6825
vn -0.3002 -0.8810 -0.3658
vn -0.6073 0.2890 -0.7400
vn -0.1850 -0.9565 -0.2254
vn -0.6314 0.0976 -0.7693
vn -0.0625 0.9951 -0.0761
vn -0.0625 -0.9951 -0.0761
vn -0.6314 -0.0976 -0.7693
vn -0.1850 0.9565 -0.2254
vn -0.6073 -0.2890 -0.7400
vn -0.3002 0.8810 -0.3658
vn -0.5601 -0.4696 -0.6825
vn -0.4691 0.0975 -0.8777
vn -0.0464 0.9951 -0.0869
vn -0.0464 -0.9951 -0.0868
vn -0.4691 -0.0976 -0.8777
vn -0.1374 0.9565 -0.2572
vn -0.4513 -0.2890 -0.8443
vn -0.2230 0.8810 -0.4173
vn -0.2231 0.8810 -0.4173
vn -0.4162 -0.4696 -0.7786
vn -0.2999 0.7715 -0.5611
vn -0.3651 -0.6326 -0.6831
vn -0.3651 0.6326 -0.6831
vn -0.2999 -0.7715 -0.5611
vn -0.4162 0.4696 -0.7786
vn -0.2230 -0.8810 -0.4173
vn -0.4513 0.2890 -0.8443
vn -0.1374 -0.9565 -0.2572
vn -0.2248 -0.6326 -0.7412
vn -0.2248 0.6326 -0.7412
vn -0.1847 -0.7715 -0.6088
vn -0.2563 0.4696 -0.8448
vn -0.2563 0.4696 -0.8449
vn -0.1374 -0.8810 -0.4528
vn -0.1373 -0.8810 -0.4528
vn -0.2779 0.2890 -0.9161
vn -0.0846 -0.9565 -0.2790
vn -0.2889 0.0976 -0.9524
vn -0.2889 0.0975 -0.9524
vn -0.0286 0.9951 -0.0942
vn -0.0286 -0.9951 -0.0942
vn -0.2889 -0.0976 -0.9524
vn -0.0846 0.9565 -0.2790
vn -0.2779 -0.2890 -0.9161
vn -0.1374 0.8810 -0.4528
vn -0.2563 -0.4696 -0.8448
vn -0.2563 -0.4696 -0.8449
vn -0.1847 0.7715 -0.6088
vn -0.0097 0.9951 -0.0980
vn -0.0097 -0.9951 -0.0980
vn -0.0976 -0.0976 -0.9904
vn -0.0286 0.9565 -0.2902
vn -0.0938 -0.2890 -0.9527
vn -0.0464 0.8810 -0.4709
vn -0.0865 -0.4696 -0.8786
vn -0.0624 0.7715 -0.6332
vn -0.0759 -0.6326 -0.7708
vn -0.0759 0.6326 -0.7708
vn -0.0624 -0.7715 -0.6332
vn -0.0865 0.4696 -0.8786
vn -0.0464 -0.8810 -0.4709
vn -0.0938 0.2890 -0.9527
vn -0.0286 -0.9565 -0.2902
vn -0.0976 0.0976 -0.9904
vn 0.2563 -0.4696 -0.8449
vn 0.4691 -0.0975 -0.8777
vn 0.4914 -0.6326 -0.5987
vn 0.5987 -0.6326 -0.4914
vn 0.8777 0.0976 -0.4691
vn 0.8777 -0.0975 -0.4691
vn 0.2572 -0.9565 -0.1375
vn 0.8448 0.4696 -0.2563
vn 0.9904 0.0975 0.0976
vn 0.8449 -0.4696 0.2563
vn 0.2572 -0.9565 0.1375
vn 0.8777 0.0976 0.4691
vn 0.5987 -0.6326 0.4914
vn 0.4914 -0.6326 0.5987
vn 0.1375 -0.9565 0.2572
vn 0.2563 -0.4696 0.8449
vn -0.0976 0.0975 0.9904
vn -0.2563 -0.4696 0.8448
vn -0.4691 -0.0975 0.8777
vn -0.1375 -0.9565 0.2572
vn -0.2572 -0.9565 0.1375
vn -0.8448 0.4696 0.2563
vn -0.9904 -0.0976 -0.0976
vn -0.8448 -0.4696 -0.2563
vn -0.2571 -0.9565 -0.1374
vn -0.8777 -0.0975 -0.4692
vn -0.7693 0.0975 -0.6314
vn 0.1221 0.9702 -0.2091
vn 0.3098 0.9272 -0.2104
vn 0.3097 0.9273 -0.2104
vn 0.4868 0.8494 -0.2039
vn 0.4867 0.8495 -0.2039
vn 0.6462 0.7392 -0.1897
vn 0.7824 0.5997 -0.1681
vn 0.7823 0.5998 -0.1681
vn 0.8890 0.4360 -0.1398
vn 0.8890 0.4361 -0.1398
vn 0.9614 0.2541 -0.1058
vn 0.9958 0.0613 -0.0675
vn 0.9958 0.0612 -0.0675
vn 0.9906 -0.1343 -0.0264
vn 0.9459 -0.3242 0.0157
vn 0.8639 -0.5005 0.0570
vn 0.8639 -0.5004 0.0569
vn 0.7486 -0.6560 0.0957
vn 0.6053 -0.7852 0.1305
vn 0.6054 -0.7851 0.1305
vn 0.4402 -0.8835 0.1601
vn 0.4401 -0.8836 0.1601
vn 0.2595 -0.9481 0.1835
vn 0.0698 -0.9773 0.2000
vn 0.0699 -0.9773 0.2000
vn -0.1221 -0.9702 0.2091
vn -0.3098 -0.9272 0.2104
vn -0.3097 -0.9273 0.2104
vn -0.4867 -0.8494 0.2039
vn -0.4867 -0.8495 0.2039
vn -0.6463 -0.7392 0.1897
vn -0.6462 -0.7392 0.1897
vn -0.6463 -0.7391 0.1897
vn -0.7824 -0.5997 0.1681
vn -0.7823 -0.5998 0.1681
vn -0.8890 -0.4361 0.1398
vn -0.8890 -0.4360 0.1398
vn -0.9614 -0.2541 0.1058
vn -0.9958 -0.0611 0.0674
vn -0.9958 -0.0612 0.0675
vn -0.9906 0.1342 0.0264
vn -0.9906 0.1343 0.0264
vn -0.9459 0.3242 -0.0157
vn -0.9458 0.3242 -0.0157
vn -0.8639 0.5004 -0.0569
vn -0.7487 0.6560 -0.0957
vn -0.7486 0.6560 -0.0957
vn -0.6053 0.7852 -0.1306
vn -0.6054 0.7851 -0.1305
vn -0.4401 0.8836 -0.1601
vn -0.4402 0.8835 -0.1601
vn 0.0537 0.2039 0.9775
vn -0.2595 0.9482 -0.1835
vn -0.2595 0.9481 -0.1835
vn -0.0698 0.9773 -0.2000
vn -0.0699 0.9773 -0.2000
vn -0.0538 -0.2039 -0.9775
vn -0.0537 -0.2039 -0.9775
vn -0.0674 0.9717 -0.2266
vn -0.0674 0.9716 -0.2266
vn -0.0675 0.9716 -0.2266
vn -0.2523 0.9314 -0.2624
vn -0.2522 0.9314 -0.2624
vn -0.4285 0.8563 -0.2885
vn -0.4284 0.8563 -0.2885
vn -0.5896 0.7483 -0.3039
vn -0.7294 0.6109 -0.3078
vn -0.8418 0.4489 -0.2997
vn -0.9219 0.2681 -0.2798
vn -0.9656 0.0758 -0.2487
vn -0.9708 -0.1198 -0.2076
vn -0.9374 -0.3102 -0.1583
vn -0.9374 -0.3101 -0.1584
vn -0.8670 -0.4876 -0.1030
vn -0.8669 -0.4876 -0.1030
vn -0.7631 -0.6448 -0.0440
vn -0.6305 -0.7760 0.0163
vn -0.6306 -0.7760 0.0163
vn -0.4750 -0.8767 0.0755
vn -0.4750 -0.8768 0.0756
vn -0.3026 -0.9440 0.1316
vn -0.3027 -0.9440 0.1316
vn -0.1197 -0.9759 0.1825
vn -0.1196 -0.9759 0.1825
vn 0.0674 -0.9716 0.2266
vn 0.0675 -0.9716 0.2266
vn 0.2522 -0.9314 0.2624
vn 0.4286 -0.8562 0.2885
vn 0.4285 -0.8562 0.2885
vn 0.5896 -0.7484 0.3039
vn 0.7294 -0.6110 0.3078
vn 0.8418 -0.4489 0.2997
vn 0.9219 -0.2680 0.2798
vn 0.9656 -0.0758 0.2487
vn 0.9656 -0.0757 0.2487
vn 0.9709 0.1197 0.2077
vn 0.9374 0.3102 0.1584
vn 0.9374 0.3103 0.1583
vn 0.8669 0.4876 0.1030
vn 0.8670 0.4876 0.1030
vn 0.7631 0.6448 0.0440
vn 0.7630 0.6448 0.0440
vn 0.6305 0.7760 -0.0163
vn 0.4750 0.8768 -0.0756
vn 0.4750 0.8767 -0.0755
vn -0.2289 0.2060 0.9514
vn 0.3026 0.9440 -0.1316
vn 0.1196 0.9759 -0.1825
vn 0.1197 0.9759 -0.1825
vn 0.2288 -0.2060 -0.9514
vn 0.2289 -0.2060 -0.9514
vn 0.0536 0.2039 0.9775
vn 0.0535 0.2039 0.9775
vn 0.0538 0.2039 0.9775
vn 0.0540 0.2039 0.9775
vn 0.0539 0.2039 0.9775
vn -0.0536 -0.2039 -0.9775
vn -0.0534 -0.2039 -0.9775
vn -0.0539 -0.2039 -0.9775
vn -0.0535 -0.2039 -0.9775
vn -0.0542 -0.2039 -0.9775
vn 0.6306 0.7760 -0.0163
vn -0.2288 0.2060 0.9514
vn -0.2290 0.2060 0.9514
vn -0.2284 0.2061 0.9515
vn 0.2290 -0.2060 -0.9514
vn 0.2293 -0.2060 -0.9513
vn 0.0972 0.1303 -0.9867
vn 0.2878 0.1303 -0.9488
vn 0.4674 0.1303 -0.8744
vn 0.6290 0.1303 -0.7664
vn 0.7664 0.1303 -0.6290
vn 0.8744 0.1303 -0.4674
vn 0.9488 0.1303 -0.2878
vn 0.9867 0.1303 -0.0972
vn 0.9867 0.1303 0.0972
vn 0.9488 0.1303 0.2878
vn 0.8744 0.1303 0.4674
vn 0.7664 0.1303 0.6290
vn 0.6290 0.1303 0.7664
vn 0.4674 0.1303 0.8744
vn 0.2878 0.1303 0.9488
vn 0.0972 0.1303 0.9867
vn -0.0972 0.1303 0.9867
vn -0.2878 0.1303 0.9488
vn -0.4674 0.1303 0.8744
vn -0.6290 0.1303 0.7664
vn -0.7664 0.1303 0.6290
vn -0.8744 0.1303 0.4674
vn -0.9488 0.1303 0.2878
vn -0.9867 0.1303 0.0972
vn -0.9867 0.1303 -0.0972
vn -0.9488 0.1303 -0.2878
vn -0.8744 0.1303 -0.4674
vn -0.7664 0.1303 -0.6290
vn -0.6290 0.1303 -0.7664
vn -0.4674 0.1303 -0.8744
vn -0.0000 1.0000 -0.0000
vn -0.2878 0.1303 -0.9488
vn -0.0972 0.1303 -0.9867
vn -0.0000 -1.0000 -0.0000
vt 0.750000 0.500000
vt 0.718750 0.562500
vt 0.718750 0.500000
vt 0.750000 0.937500
vt 0.734375 1.000000
vt 0.718750 0.937500
vt 0.734375 0.000000
vt 0.750000 0.062500
vt 0.718750 0.062500
vt 0.718750 0.437500
vt 0.750000 0.437500
vt 0.718750 0.875000
vt 0.750000 0.875000
vt 0.750000 0.375000
vt 0.718750 0.375000
vt 0.750000 0.812500
vt 0.718750 0.812500
vt 0.750000 0.312500
vt 0.718750 0.312500
vt 0.750000 0.750000
vt 0.718750 0.750000
vt 0.718750 0.250000
vt 0.750000 0.250000
vt 0.750000 0.687500
vt 0.718750 0.687500
vt 0.718750 0.187500
vt 0.750000 0.187500
vt 0.718750 0.625000
vt 0.750000 0.625000
vt 0.718750 0.125000
vt 0.750000 0.125000
vt 0.750000 0.562500
vt 0.687500 0.562500
vt 0.687500 0.062500
vt 0.687500 0.500000
vt 0.703125 1.000000
vt 0.687500 0.937500
vt 0.703125 0.000000
vt 0.687500 0.437500
vt 0.687500 0.875000
vt 0.687500 0.375000
vt 0.687500 0.812500
vt 0.687500 0.312500
vt 0.687500 0.750000
vt 0.687500 0.250000
vt 0.687500 0.687500
vt 0.687500 0.187500
vt 0.687500 0.625000
vt 0.687500 0.125000
vt 0.656250 0.375000
vt 0.656250 0.312500
vt 0.656250 0.812500
vt 0.656250 0.750000
vt 0.656250 0.250000
vt 0.656250 0.687500
vt 0.656250 0.187500
vt 0.656250 0.625000
vt 0.656250 0.125000
vt 0.656250 0.562500
vt 0.656250 0.062500
vt 0.656250 0.500000
vt 0.671875 1.000000
vt 0.656250 0.937500
vt 0.671875 0.000000
vt 0.656250 0.437500
vt 0.656250 0.875000
vt 0.625000 0.125000
vt 0.625000 0.062500
vt 0.625000 0.500000
vt 0.640625 1.000000
vt 0.625000 0.937500
vt 0.640625 0.000000
vt 0.625000 0.437500
vt 0.625000 0.875000
vt 0.625000 0.375000
vt 0.625000 0.812500
vt 0.625000 0.312500
vt 0.625000 0.750000
vt 0.625000 0.250000
vt 0.625000 0.687500
vt 0.625000 0.187500
vt 0.625000 0.625000
vt 0.625000 0.562500
vt 0.593750 0.812500
vt 0.593750 0.750000
vt 0.593750 0.312500
vt 0.593750 0.250000
vt 0.593750 0.687500
vt 0.593750 0.187500
vt 0.593750 0.625000
vt 0.593750 0.125000
vt 0.593750 0.562500
vt 0.593750 0.062500
vt 0.593750 0.500000
vt 0.609375 1.000000
vt 0.593750 0.937500
vt 0.609375 0.000000
vt 0.593750 0.437500
vt 0.593750 0.875000
vt 0.593750 0.375000
vt 0.562500 0.562500
vt 0.562500 0.500000
vt 0.578125 1.000000
vt 0.562500 0.937500
vt 0.578125 0.000000
vt 0.562500 0.062500
vt 0.562500 0.437500
vt 0.562500 0.875000
vt 0.562500 0.375000
vt 0.562500 0.812500
vt 0.562500 0.312500
vt 0.562500 0.750000
vt 0.562500 0.250000
vt 0.562500 0.687500
vt 0.562500 0.187500
vt 0.562500 0.625000
vt 0.562500 0.125000
vt 0.531250 0.250000
vt 0.531250 0.750000
vt 0.531250 0.687500
vt 0.531250 0.187500
vt 0.531250 0.625000
vt 0.531250 0.125000
vt 0.531250 0.562500
vt 0.531250 0.062500
vt 0.531250 0.500000
vt 0.546875 1.000000
vt 0.531250 0.937500
vt 0.546875 0.000000
vt 0.531250 0.437500
vt 0.531250 0.875000
vt 0.531250 0.375000
vt 0.531250 0.812500
vt 0.531250 0.312500
vt 0.515625 0.000000
vt 0.500000 0.062500
vt 0.500000 0.500000
vt 0.500000 0.437500
vt 0.500000 0.937500
vt 0.500000 0.875000
vt 0.500000 0.375000
vt 0.500000 0.812500
vt 0.500000 0.312500
vt 0.500000 0.750000
vt 0.500000 0.250000
vt 0.500000 0.687500
vt 0.500000 0.187500
vt 0.500000 0.625000
vt 0.500000 0.125000
vt 0.500000 0.562500
vt 0.515625 1.000000
vt 0.468750 0.187500
vt 0.468750 0.625000
vt 0.468750 0.125000
vt 0.468750 0.562500
vt 0.468750 0.062500
vt 0.468750 0.500000
vt 0.484375 1.000000
vt 0.468750 0.937500
vt 0.484375 0.000000
vt 0.468750 0.437500
vt 0.468750 0.875000
vt 0.468750 0.375000
vt 0.468750 0.812500
vt 0.468750 0.312500
vt 0.468750 0.750000
vt 0.468750 0.250000
vt 0.468750 0.687500
vt 0.437500 0.937500
vt 0.437500 0.875000
vt 0.437500 0.375000
vt 0.437500 0.812500
vt 0.437500 0.312500
vt 0.437500 0.750000
vt 0.437500 0.250000
vt 0.437500 0.687500
vt 0.437500 0.187500
vt 0.437500 0.625000
vt 0.437500 0.125000
vt 0.437500 0.562500
vt 0.437500 0.062500
vt 0.437500 0.500000
vt 0.453125 1.000000
vt 0.453125 0.000000
vt 0.437500 0.437500
vt 0.406250 0.625000
vt 0.406250 0.125000
vt 0.406250 0.562500
vt 0.406250 0.062500
vt 0.406250 0.500000
vt 0.421875 1.000000
vt 0.406250 0.937500
vt 0.421875 0.000000
vt 0.406250 0.437500
vt 0.406250 0.875000
vt 0.406250 0.375000
vt 0.406250 0.812500
vt 0.406250 0.312500
vt 0.406250 0.750000
vt 0.406250 0.250000
vt 0.406250 0.687500
vt 0.406250 0.187500
vt 0.375000 0.437500
vt 0.375000 0.375000
vt 0.375000 0.812500
vt 0.375000 0.312500
vt 0.375000 0.750000
vt 0.375000 0.250000
vt 0.375000 0.687500
vt 0.375000 0.187500
vt 0.375000 0.625000
vt 0.375000 0.125000
vt 0.375000 0.562500
vt 0.375000 0.062500
vt 0.375000 0.500000
vt 0.390625 1.000000
vt 0.375000 0.937500
vt 0.390625 0.000000
vt 0.375000 0.875000
vt 0.343750 0.125000
vt 0.343750 0.625000
vt 0.343750 0.562500
vt 0.343750 0.062500
vt 0.343750 0.500000
vt 0.359375 1.000000
vt 0.343750 0.937500
vt 0.359375 0.000000
vt 0.343750 0.437500
vt 0.343750 0.875000
vt 0.343750 0.375000
vt 0.343750 0.812500
vt 0.343750 0.312500
vt 0.343750 0.750000
vt 0.343750 0.250000
vt 0.343750 0.687500
vt 0.343750 0.187500
vt 0.312500 0.812500
vt 0.312500 0.312500
vt 0.312500 0.750000
vt 0.312500 0.250000
vt 0.312500 0.687500
vt 0.312500 0.187500
vt 0.312500 0.625000
vt 0.312500 0.125000
vt 0.312500 0.562500
vt 0.312500 0.062500
vt 0.312500 0.500000
vt 0.328125 1.000000
vt 0.312500 0.937500
vt 0.328125 0.000000
vt 0.312500 0.437500
vt 0.312500 0.875000
vt 0.312500 0.375000
vt 0.281250 0.625000
vt 0.281250 0.562500
vt 0.281250 0.125000
vt 0.281250 0.062500
vt 0.281250 0.500000
vt 0.296875 1.000000
vt 0.281250 0.937500
vt 0.296875 0.000000
vt 0.281250 0.437500
vt 0.281250 0.875000
vt 0.281250 0.375000
vt 0.281250 0.812500
vt 0.281250 0.312500
vt 0.281250 0.750000
vt 0.281250 0.250000
vt 0.281250 0.687500
vt 0.281250 0.187500
vt 0.250000 0.312500
vt 0.250000 0.812500
vt 0.250000 0.750000
vt 0.250000 0.250000
vt 0.250000 0.687500
vt 0.250000 0.187500
vt 0.250000 0.625000
vt 0.250000 0.125000
vt 0.250000 0.562500
vt 0.250000 0.062500
vt 0.250000 0.500000
vt 0.265625 1.000000
vt 0.250000 0.937500
vt 0.265625 0.000000
vt 0.250000 0.437500
vt 0.250000 0.875000
vt 0.250000 0.375000
vt 0.218750 0.125000
vt 0.218750 0.062500
vt 0.218750 0.500000
vt 0.234375 1.000000
vt 0.218750 0.937500
vt 0.234375 0.000000
vt 0.218750 0.437500
vt 0.218750 0.875000
vt 0.218750 0.375000
vt 0.218750 0.812500
vt 0.218750 0.312500
vt 0.218750 0.750000
vt 0.218750 0.250000
vt 0.218750 0.687500
vt 0.218750 0.187500
vt 0.218750 0.625000
vt 0.218750 0.562500
vt 0.187500 0.312500
vt 0.187500 0.250000
vt 0.187500 0.687500
vt 0.187500 0.187500
vt 0.187500 0.625000
vt 0.187500 0.125000
vt 0.187500 0.562500
vt 0.187500 0.062500
vt 0.187500 0.500000
vt 0.203125 1.000000
vt 0.187500 0.937500
vt 0.203125 0.000000
vt 0.187500 0.437500
vt 0.187500 0.875000
vt 0.187500 0.375000
vt 0.187500 0.812500
vt 0.187500 0.750000
vt 0.171875 1.000000
vt 0.156250 0.937500
vt 0.171875 0.000000
vt 0.156250 0.062500
vt 0.156250 0.500000
vt 0.156250 0.437500
vt 0.156250 0.875000
vt 0.156250 0.375000
vt 0.156250 0.812500
vt 0.156250 0.312500
vt 0.156250 0.750000
vt 0.156250 0.250000
vt 0.156250 0.687500
vt 0.156250 0.187500
vt 0.156250 0.625000
vt 0.156250 0.125000
vt 0.156250 0.562500
vt 0.125000 0.687500
vt 0.125000 0.187500
vt 0.125000 0.625000
vt 0.125000 0.125000
vt 0.125000 0.562500
vt 0.125000 0.062500
vt 0.125000 0.500000
vt 0.140625 1.000000
vt 0.125000 0.937500
vt 0.140625 0.000000
vt 0.125000 0.437500
vt 0.125000 0.875000
vt 0.125000 0.375000
vt 0.125000 0.812500
vt 0.125000 0.312500
vt 0.125000 0.750000
vt 0.125000 0.250000
vt 0.093750 0.500000
vt 0.093750 0.437500
vt 0.093750 0.937500
vt 0.093750 0.875000
vt 0.093750 0.375000
vt 0.093750 0.812500
vt 0.093750 0.312500
vt 0.093750 0.750000
vt 0.093750 0.250000
vt 0.093750 0.687500
vt 0.093750 0.187500
vt 0.093750 0.625000
vt 0.093750 0.125000
vt 0.093750 0.562500
vt 0.093750 0.062500
vt 0.109375 1.000000
vt 0.109375 0.000000
vt 0.062500 0.250000
vt 0.062500 0.187500
vt 0.062500 0.625000
vt 0.062500 0.125000
vt 0.062500 0.562500
vt 0.062500 0.062500
vt 0.062500 0.500000
vt 0.078125 1.000000
vt 0.062500 0.937500
vt 0.078125 0.000000
vt 0.062500 0.437500
vt 0.062500 0.875000
vt 0.062500 0.375000
vt 0.062500 0.812500
vt 0.062500 0.312500
vt 0.062500 0.750000
vt 0.062500 0.687500
vt 0.031250 0.875000
vt 0.031250 0.375000
vt 0.031250 0.812500
vt 0.031250 0.312500
vt 0.031250 0.750000
vt 0.031250 0.250000
vt 0.031250 0.687500
vt 0.031250 0.187500
vt 0.031250 0.625000
vt 0.031250 0.125000
vt 0.031250 0.562500
vt 0.031250 0.062500
vt 0.031250 0.500000
vt 0.046875 1.000000
vt 0.031250 0.937500
vt 0.046875 0.000000
vt 0.031250 0.437500
vt 0.000000 0.625000
vt 0.000000 0.125000
vt 0.000000 0.562500
vt 0.000000 0.062500
vt 0.000000 0.500000
vt 0.015625 1.000000
vt 0.000000 0.937500
vt 0.015625 0.000000
vt 0.000000 0.437500
vt 0.000000 0.875000
vt 0.000000 0.375000
vt 0.000000 0.812500
vt 0.000000 0.312500
vt 0.000000 0.750000
vt 0.000000 0.250000
vt 0.000000 0.687500
vt 0.000000 0.187500
vt 1.000000 0.437500
vt 0.968750 0.375000
vt 1.000000 0.375000
vt 1.000000 0.875000
vt 0.968750 0.812500
vt 1.000000 0.812500
vt 1.000000 0.312500
vt 0.968750 0.312500
vt 0.968750 0.750000
vt 1.000000 0.750000
vt 0.968750 0.250000
vt 1.000000 0.250000
vt 1.000000 0.687500
vt 0.968750 0.687500
vt 1.000000 0.187500
vt 0.968750 0.187500
vt 0.968750 0.625000
vt 1.000000 0.625000
vt 1.000000 0.125000
vt 0.968750 0.125000
vt 1.000000 0.562500
vt 0.968750 0.562500
vt 1.000000 0.062500
vt 0.968750 0.062500
vt 0.968750 0.500000
vt 1.000000 0.500000
vt 1.000000 0.937500
vt 0.984375 1.000000
vt 0.968750 0.937500
vt 0.984375 0.000000
vt 0.968750 0.437500
vt 0.968750 0.875000
vt 0.937500 0.125000
vt 0.937500 0.625000
vt 0.937500 0.562500
vt 0.937500 0.062500
vt 0.937500 0.500000
vt 0.953125 1.000000
vt 0.937500 0.937500
vt 0.953125 0.000000
vt 0.937500 0.437500
vt 0.937500 0.875000
vt 0.937500 0.375000
vt 0.937500 0.812500
vt 0.937500 0.312500
vt 0.937500 0.750000
vt 0.937500 0.250000
vt 0.937500 0.687500
vt 0.937500 0.187500
vt 0.906250 0.312500
vt 0.906250 0.750000
vt 0.906250 0.250000
vt 0.906250 0.687500
vt 0.906250 0.187500
vt 0.906250 0.625000
vt 0.906250 0.125000
vt 0.906250 0.562500
vt 0.906250 0.062500
vt 0.906250 0.500000
vt 0.921875 1.000000
vt 0.906250 0.937500
vt 0.921875 0.000000
vt 0.906250 0.437500
vt 0.906250 0.875000
vt 0.906250 0.375000
vt 0.906250 0.812500
vt 0.875000 0.125000
vt 0.875000 0.062500
vt 0.875000 0.562500
vt 0.875000 0.500000
vt 0.890625 1.000000
vt 0.875000 0.937500
vt 0.890625 0.000000
vt 0.875000 0.437500
vt 0.875000 0.875000
vt 0.875000 0.375000
vt 0.875000 0.812500
vt 0.875000 0.312500
vt 0.875000 0.750000
vt 0.875000 0.250000
vt 0.875000 0.687500
vt 0.875000 0.187500
vt 0.875000 0.625000
vt 0.843750 0.812500
vt 0.843750 0.750000
vt 0.843750 0.250000
vt 0.843750 0.687500
vt 0.843750 0.187500
vt 0.843750 0.625000
vt 0.843750 0.125000
vt 0.843750 0.562500
vt 0.843750 0.062500
vt 0.843750 0.500000
vt 0.859375 1.000000
vt 0.843750 0.937500
vt 0.859375 0.000000
vt 0.843750 0.437500
vt 0.843750 0.875000
vt 0.843750 0.375000
vt 0.843750 0.312500
vt 0.812500 0.500000
vt 0.828125 1.000000
vt 0.812500 0.937500
vt 0.828125 0.000000
vt 0.812500 0.062500
vt 0.812500 0.437500
vt 0.812500 0.875000
vt 0.812500 0.375000
vt 0.812500 0.812500
vt 0.812500 0.312500
vt 0.812500 0.750000
vt 0.812500 0.250000
vt 0.812500 0.687500
vt 0.812500 0.187500
vt 0.812500 0.625000
vt 0.812500 0.125000
vt 0.812500 0.562500
vt 0.781250 0.250000
vt 0.781250 0.750000
vt 0.781250 0.687500
vt 0.781250 0.187500
vt 0.781250 0.625000
vt 0.781250 0.125000
vt 0.781250 0.562500
vt 0.781250 0.062500
vt 0.781250 0.500000
vt 0.796875 1.000000
vt 0.781250 0.937500
vt 0.796875 0.000000
vt 0.781250 0.437500
vt 0.781250 0.875000
vt 0.781250 0.375000
vt 0.781250 0.812500
vt 0.781250 0.312500
vt 0.765625 1.000000
vt 0.765625 0.000000
vt 1.000000 1.000000
vt 0.937500 1.000000
vt 0.906250 1.000000
vt 0.843750 1.000000
vt 0.812500 1.000000
vt 0.750000 1.000000
vt 0.687500 1.000000
vt 0.656250 1.000000
vt 0.593750 1.000000
vt 0.562500 1.000000
vt 0.500000 1.000000
vt 0.468750 1.000000
vt 0.406250 1.000000
vt 0.375000 1.000000
vt 0.312500 1.000000
vt 0.250000 1.000000
vt 0.218750 1.000000
vt 0.156250 1.000000
vt 0.125000 1.000000
vt 0.062500 1.000000
vt 0.419706 0.419706
vt 0.383337 0.449553
vt 0.419706 0.080294
vt 0.031250 1.000000
vt 0.616663 0.449553
vt 0.658156 0.471731
vt 0.616663 0.050447
vt 0.968750 1.000000
vt 0.875000 1.000000
vt 0.781250 1.000000
vt 0.718750 1.000000
vt 0.625000 1.000000
vt 0.531250 1.000000
vt 0.437500 1.000000
vt 0.343750 1.000000
vt 0.281250 1.000000
vt 0.187500 1.000000
vt 0.093750 1.000000
vt 0.028269 0.158156
vt 0.010000 0.250000
vt 0.028269 0.341844
vt 0.883337 0.449553
vt 0.841844 0.471731
vt 0.883337 0.050447
vt 0.341844 0.471731
vt 0.296822 0.485388
vt 0.296822 0.014612
vt 0.250000 0.490000
vt 0.250000 0.010000
vt 0.203178 0.485388
vt 0.203178 0.014612
vt 0.158156 0.471731
vt 0.158156 0.028269
vt 0.116663 0.449553
vt 0.080294 0.419706
vt 0.116663 0.050447
vt 0.050447 0.383337
vt 0.080294 0.080294
vt 0.050447 0.116663
vt 0.014612 0.296822
vt 0.014612 0.203178
vt 0.341844 0.028269
vt 0.383337 0.050447
vt 0.449553 0.116663
vt 0.471731 0.158156
vt 0.449553 0.383337
vt 0.485388 0.203178
vt 0.490000 0.250000
vt 0.485388 0.296822
vt 0.471731 0.341844
vt 0.000000 1.000000
vt 0.703178 0.485388
vt 0.750000 0.490000
vt 0.750000 0.010000
vt 0.796822 0.485388
vt 0.796822 0.014612
vt 0.841844 0.028269
vt 0.919706 0.419706
vt 0.919706 0.080294
vt 0.949553 0.383337
vt 0.949553 0.116663
vt 0.971731 0.341844
vt 0.985388 0.296822
vt 0.971731 0.158156
vt 0.990000 0.250000
vt 0.985388 0.203178
vt 0.703178 0.014612
vt 0.658156 0.028269
vt 0.580294 0.080294
vt 0.580294 0.419706
vt 0.550447 0.116663
vt 0.550447 0.383337
vt 0.528269 0.158156
vt 0.514612 0.203178
vt 0.528269 0.341844
vt 0.510000 0.250000
vt 0.514612 0.296822
s 1
usemtl マテリアル.002
f 4/1/1 13/2/1 14/3/1
f 474/4/2 82/5/2 7/6/2
f 308/7/3 482/8/3 21/9/3
f 4/1/4 15/10/4 5/11/4
f 474/4/5 8/12/5 475/13/5
f 478/14/6 15/10/6 16/15/6
f 1/16/7 8/12/7 9/17/7
f 6/18/8 16/15/8 17/19/8
f 476/20/9 9/17/9 10/21/9
f 6/18/10 18/22/10 479/23/10
f 2/24/11 10/21/11 11/25/11
f 479/23/12 19/26/12 480/27/12
f 2/24/13 12/28/13 477/29/13
f 480/27/14 20/30/14 481/31/14
f 477/29/15 13/2/15 3/32/15
f 482/8/16 20/30/16 21/9/16
f 12/28/17 28/33/17 13/2/17
f 20/30/18 36/34/18 21/9/18
f 14/3/19 28/33/19 29/35/20
f 7/6/21 82/36/21 22/37/21
f 308/38/22 21/9/22 36/34/22
f 14/3/23 30/39/23 15/10/23
f 8/12/24 22/37/24 23/40/24
f 16/15/25 30/39/25 31/41/25
f 8/12/26 24/42/26 9/17/26
f 17/19/27 31/41/27 32/43/27
f 9/17/28 25/44/28 10/21/28
f 18/22/29 32/43/29 33/45/29
f 10/21/30 26/46/30 11/25/30
f 19/26/31 33/45/31 34/47/31
f 11/25/32 27/48/32 12/28/33
f 20/30/34 34/47/34 35/49/34
f 32/43/35 46/50/35 47/51/35
f 25/44/36 39/52/36 40/53/36
f 32/43/37 48/54/37 33/45/37
f 26/46/38 40/53/38 41/55/38
f 33/45/39 49/56/39 34/47/39
f 26/46/40 42/57/40 27/48/40
f 34/47/41 50/58/41 35/49/41
f 28/33/42 42/57/42 43/59/42
f 35/49/43 51/60/43 36/34/43
f 28/33/44 44/61/44 29/35/44
f 22/37/45 82/62/45 37/63/45
f 308/64/46 36/34/46 51/60/46
f 30/39/47 44/61/47 45/65/47
f 23/40/48 37/63/48 38/66/48
f 30/39/49 46/50/49 31/41/49
f 24/42/50 38/66/50 39/52/51
f 51/60/52 65/67/52 66/68/52
f 43/59/53 59/69/53 44/61/53
f 37/63/54 82/70/54 52/71/54
f 308/72/55 51/60/55 66/68/55
f 45/65/56 59/69/56 60/73/56
f 37/63/57 53/74/57 38/66/57
f 46/50/58 60/73/58 61/75/58
f 38/66/59 54/76/59 39/52/59
f 47/51/60 61/75/60 62/77/60
f 39/52/61 55/78/61 40/53/61
f 47/51/62 63/79/62 48/54/62
f 41/55/63 55/78/64 56/80/63
f 49/56/65 63/79/65 64/81/65
f 41/55/66 57/82/66 42/57/66
f 50/58/67 64/81/67 65/67/67
f 42/57/68 58/83/68 43/59/68
f 55/78/69 69/84/69 70/85/69
f 63/79/70 77/86/70 78/87/70
f 55/78/71 71/88/71 56/80/72
f 63/79/73 79/89/73 64/81/73
f 56/80/74 72/90/74 57/82/74
f 64/81/75 80/91/75 65/67/75
f 58/83/76 72/90/76 73/92/76
f 65/67/77 81/93/77 66/68/77
f 59/69/78 73/92/78 74/94/78
f 52/71/79 82/95/79 67/96/79
f 308/97/80 66/68/80 81/93/80
f 59/69/81 75/98/81 60/73/81
f 53/74/82 67/96/82 68/99/82
f 60/73/83 76/100/83 61/75/83
f 54/76/84 68/99/84 69/84/84
f 62/77/85 76/100/85 77/86/85
f 74/94/86 89/101/86 90/102/86
f 67/96/87 82/103/87 83/104/87
f 308/105/88 81/93/88 97/106/88
f 74/94/89 91/107/89 75/98/89
f 67/96/90 84/108/90 68/99/91
f 76/100/92 91/107/92 92/109/92
f 68/99/93 85/110/93 69/84/94
f 76/100/95 93/111/95 77/86/95
f 69/84/96 86/112/96 70/85/96
f 78/87/97 93/111/97 94/113/97
f 70/85/98 87/114/98 71/88/98
f 79/89/99 94/113/99 95/115/99
f 72/90/100 87/114/100 88/116/100
f 80/91/101 95/115/101 96/117/101
f 72/90/102 89/101/102 73/92/102
f 81/93/103 96/117/103 97/106/103
f 93/111/104 109/118/104 94/113/104
f 87/114/105 101/119/105 102/120/105
f 94/113/106 110/121/106 95/115/106
f 88/116/107 102/120/107 103/122/107
f 95/115/108 111/123/108 96/117/108
f 89/101/109 103/122/109 104/124/109
f 97/106/110 111/123/110 112/125/110
f 89/101/111 105/126/111 90/102/111
f 83/104/112 82/127/112 98/128/112
f 308/129/113 97/106/113 112/125/113
f 91/107/114 105/126/114 106/130/114
f 83/104/115 99/131/115 84/108/115
f 91/107/116 107/132/116 92/109/116
f 85/110/117 99/131/117 100/133/117
f 92/109/118 108/134/118 93/111/119
f 86/112/120 100/133/120 101/119/120
f 308/135/121 112/125/121 127/136/121
f 106/130/122 120/137/122 121/138/122
f 99/131/123 113/139/123 114/140/123
f 106/130/124 122/141/124 107/132/124
f 99/131/125 115/142/125 100/133/125
f 107/132/126 123/143/126 108/134/126
f 100/133/127 116/144/127 101/119/127
f 109/118/128 123/143/128 124/145/128
f 101/119/129 117/146/129 102/120/129
f 110/121/130 124/145/130 125/147/130
f 103/122/131 117/146/131 118/148/131
f 111/123/132 125/147/132 126/149/132
f 104/124/133 118/148/133 119/150/133
f 111/123/134 127/136/134 112/125/134
f 104/124/135 120/137/135 105/126/136
f 98/128/137 82/151/137 113/139/137
f 124/145/138 140/152/138 125/147/138
f 117/146/139 133/153/139 118/148/139
f 125/147/140 141/154/140 126/149/140
f 119/150/141 133/153/141 134/155/141
f 127/136/142 141/154/142 142/156/142
f 119/150/143 135/157/143 120/137/143
f 113/139/144 82/158/144 128/159/144
f 308/160/145 127/136/145 142/156/145
f 121/138/146 135/157/146 136/161/146
f 113/139/147 129/162/147 114/140/147
f 121/138/148 137/163/148 122/141/148
f 115/142/149 129/162/149 130/164/149
f 123/143/150 137/163/150 138/165/150
f 116/144/151 130/164/151 131/166/151
f 123/143/152 139/167/152 124/145/152
f 117/146/153 131/166/153 132/168/153
f 129/162/154 143/169/154 144/170/154
f 136/161/155 152/171/155 137/163/155
f 129/162/156 145/172/156 130/164/156
f 138/165/157 152/171/157 153/173/157
f 130/164/158 146/174/158 131/166/158
f 139/167/159 153/173/159 154/175/159
f 131/166/160 147/176/160 132/168/160
f 140/152/161 154/175/161 155/177/161
f 132/168/162 148/178/162 133/153/163
f 141/154/164 155/177/164 156/179/164
f 134/155/165 148/178/165 149/180/165
f 141/154/166 157/181/166 142/156/166
f 134/155/167 150/182/167 135/157/167
f 128/159/168 82/183/168 143/169/168
f 308/184/169 142/156/169 157/181/169
f 136/161/170 150/182/170 151/185/171
f 147/176/172 163/186/172 148/178/172
f 155/177/173 171/187/173 156/179/173
f 149/180/174 163/186/174 164/188/174
f 156/179/175 172/189/175 157/181/175
f 149/180/176 165/190/176 150/182/176
f 143/169/177 82/191/177 158/192/177
f 308/193/178 157/181/178 172/189/178
f 151/185/179 165/190/179 166/194/179
f 144/170/180 158/192/180 159/195/181
f 151/185/182 167/196/182 152/171/182
f 145/172/183 159/195/183 160/197/184
f 153/173/185 167/196/185 168/198/185
f 146/174/186 160/197/186 161/199/186
f 153/173/187 169/200/187 154/175/187
f 147/176/188 161/199/188 162/201/188
f 154/175/189 170/202/189 155/177/189
f 167/196/190 181/203/190 182/204/190
f 159/195/191 175/205/191 160/197/191
f 168/198/192 182/204/192 183/206/192
f 160/197/193 176/207/193 161/199/193
f 168/198/194 184/208/194 169/200/194
f 162/201/195 176/207/195 177/209/196
f 170/202/197 184/208/197 185/210/197
f 162/201/198 178/211/198 163/186/198
f 171/187/199 185/210/199 186/212/199
f 163/186/200 179/213/200 164/188/200
f 172/189/201 186/212/201 187/214/201
f 164/188/202 180/215/202 165/190/202
f 158/192/203 82/216/203 173/217/203
f 308/218/204 172/189/204 187/214/204
f 166/194/205 180/215/205 181/203/205
f 158/192/206 174/219/206 159/195/206
f 185/210/207 201/220/207 186/212/207
f 179/213/208 193/221/208 194/222/208
f 186/212/209 202/223/209 187/214/209
f 179/213/210 195/224/210 180/215/210
f 173/217/211 82/225/211 188/226/211
f 308/227/212 187/214/212 202/223/212
f 181/203/213 195/224/213 196/228/213
f 174/219/214 188/226/214 189/229/214
f 181/203/215 197/230/215 182/204/215
f 175/205/216 189/229/216 190/231/216
f 182/204/217 198/232/217 183/206/217
f 176/207/218 190/231/218 191/233/218
f 184/208/219 198/232/219 199/234/219
f 176/207/220 192/235/220 177/209/221
f 184/208/222 200/236/222 185/210/222
f 178/211/223 192/235/223 193/221/223
f 189/229/224 205/237/225 190/231/225
f 197/230/226 213/238/226 198/232/226
f 190/231/227 206/239/227 191/233/227
f 199/234/228 213/238/228 214/240/228
f 191/233/229 207/241/229 192/235/229
f 200/236/230 214/240/230 215/242/230
f 193/221/231 207/241/231 208/243/231
f 201/220/232 215/242/232 216/244/232
f 194/222/233 208/243/233 209/245/233
f 202/223/234 216/244/234 217/246/234
f 194/222/235 210/247/235 195/224/235
f 188/226/236 82/248/236 203/249/236
f 308/250/237 202/223/237 217/246/237
f 196/228/238 210/247/238 211/251/238
f 188/226/239 204/252/239 189/229/240
f 196/228/241 212/253/241 197/230/241
f 209/245/242 223/254/242 224/255/242
f 217/246/243 231/256/243 232/257/243
f 209/245/244 225/258/244 210/247/245
f 203/249/246 82/259/246 218/260/246
f 308/261/247 217/246/247 232/257/247
f 211/251/248 225/258/248 226/262/248
f 203/249/249 219/263/249 204/252/249
f 211/251/250 227/264/250 212/253/250
f 204/252/251 220/265/251 205/237/251
f 212/253/252 228/266/252 213/238/252
f 206/239/253 220/265/253 221/267/253
f 213/238/254 229/268/254 214/240/254
f 207/241/255 221/267/255 222/269/255
f 214/240/256 230/270/256 215/242/256
f 208/243/257 222/269/257 223/254/258
f 216/244/259 230/270/259 231/256/259
f 227/264/260 243/271/260 228/266/260
f 221/267/261 235/272/261 236/273/261
f 229/268/262 243/271/262 244/274/262
f 221/267/263 237/275/263 222/269/263
f 229/268/264 245/276/264 230/270/264
f 223/254/265 237/275/265 238/277/265
f 230/270/266 246/278/266 231/256/266
f 224/255/267 238/277/267 239/279/267
f 231/256/268 247/280/268 232/257/268
f 224/255/269 240/281/269 225/258/269
f 218/260/270 82/282/270 233/283/270
f 308/284/271 232/257/271 247/280/271
f 226/262/272 240/281/272 241/285/272
f 219/263/273 233/283/273 234/286/273
f 226/262/274 242/287/274 227/264/274
f 220/265/275 234/286/275 235/272/275
f 247/280/276 261/288/276 262/289/276
f 239/279/277 255/290/277 240/281/277
f 233/283/278 82/291/278 248/292/278
f 308/293/279 247/280/279 262/289/279
f 241/285/280 255/290/280 256/294/281
f 233/283/282 249/295/282 234/286/282
f 241/285/283 257/296/283 242/287/283
f 234/286/284 250/297/284 235/272/284
f 243/271/285 257/296/285 258/298/285
f 235/272/286 251/299/286 236/273/286
f 243/271/287 259/300/287 244/274/287
f 237/275/288 251/299/288 252/301/288
f 245/276/289 259/300/289 260/302/289
f 237/275/290 253/303/290 238/277/290
f 246/278/291 260/302/291 261/288/291
f 239/279/292 253/303/292 254/304/292
f 259/300/293 273/305/293 274/306/293
f 251/299/294 267/307/294 252/301/294
f 260/302/295 274/306/295 275/308/295
f 252/301/296 268/309/296 253/303/296
f 260/302/297 276/310/297 261/288/297
f 254/304/298 268/309/298 269/311/298
f 261/288/299 277/312/299 262/289/299
f 254/304/300 270/313/300 255/290/300
f 248/292/301 82/314/301 263/315/301
f 308/316/302 262/289/302 277/312/302
f 256/294/303 270/313/303 271/317/304
f 249/295/305 263/315/305 264/318/305
f 256/294/306 272/319/306 257/296/306
f 250/297/307 264/318/307 265/320/307
f 258/298/308 272/319/308 273/305/308
f 250/297/309 266/321/309 251/299/309
f 263/315/310 82/322/310 278/323/310
f 308/324/311 277/312/311 292/325/311
f 271/317/312 285/326/312 286/327/312
f 264/318/313 278/323/313 279/328/314
f 271/317/315 287/329/315 272/319/315
f 265/320/316 279/328/317 280/330/316
f 272/319/318 288/331/318 273/305/318
f 266/321/319 280/330/319 281/332/319
f 273/305/320 289/333/320 274/306/320
f 267/307/321 281/332/321 282/334/321
f 274/306/322 290/335/322 275/308/322
f 268/309/323 282/334/323 283/336/323
f 275/308/324 291/337/324 276/310/324
f 269/311/325 283/336/325 284/338/325
f 276/310/326 292/325/326 277/312/326
f 269/311/327 285/326/327 270/313/327
f 281/332/328 297/339/328 282/334/328
f 289/333/329 305/340/329 290/335/329
f 282/334/330 298/341/330 283/336/330
f 291/337/331 305/340/331 306/342/331
f 283/336/332 299/343/332 284/338/332
f 292/325/333 306/342/333 307/344/333
f 284/338/334 300/345/334 285/326/334
f 278/323/335 82/346/335 293/347/335
f 308/348/336 292/325/336 307/344/336
f 286/327/337 300/345/337 301/349/337
f 278/323/338 294/350/338 279/328/338
f 287/329/339 301/349/339 302/351/339
f 279/328/340 295/352/340 280/330/340
f 288/331/341 302/351/341 303/353/341
f 281/332/342 295/352/342 296/354/342
f 289/333/343 303/353/343 304/355/343
f 301/349/344 316/356/344 317/357/344
f 294/350/345 309/358/345 310/359/345
f 301/349/346 318/360/346 302/351/346
f 295/352/347 310/359/347 311/361/347
f 302/351/348 319/362/348 303/353/348
f 296/354/349 311/361/349 312/363/349
f 304/355/350 319/362/350 320/364/350
f 296/354/351 313/365/351 297/339/351
f 304/355/352 321/366/352 305/340/352
f 298/341/353 313/365/353 314/367/353
f 305/340/354 322/368/354 306/342/354
f 299/343/355 314/367/355 315/369/355
f 306/342/356 323/370/356 307/344/356
f 299/343/357 316/356/357 300/345/357
f 293/347/358 82/371/358 309/358/358
f 308/372/359 307/344/359 323/370/359
f 321/366/360 335/373/360 336/374/360
f 313/365/361 329/375/361 314/367/361
f 322/368/362 336/374/362 337/376/362
f 315/369/363 329/375/363 330/377/363
f 323/370/364 337/376/364 338/378/364
f 315/369/365 331/379/365 316/356/365
f 309/358/366 82/380/366 324/381/366
f 308/382/367 323/370/367 338/378/367
f 317/357/368 331/379/368 332/383/368
f 309/358/369 325/384/369 310/359/370
f 317/357/371 333/385/371 318/360/371
f 310/359/372 326/386/372 311/361/373
f 319/362/374 333/385/374 334/387/374
f 311/361/375 327/388/375 312/363/375
f 320/364/376 334/387/376 335/373/376
f 312/363/377 328/389/377 313/365/377
f 324/381/378 340/390/378 325/384/378
f 332/383/379 348/391/379 333/385/379
f 325/384/380 341/392/380 326/386/380
f 334/387/381 348/391/382 349/393/381
f 327/388/383 341/392/383 342/394/383
f 334/387/384 350/395/384 335/373/384
f 328/389/385 342/394/385 343/396/385
f 335/373/386 351/397/386 336/374/386
f 328/389/387 344/398/387 329/375/387
f 337/376/388 351/397/388 352/399/388
f 330/377/389 344/398/389 345/400/389
f 338/378/390 352/399/390 353/401/390
f 330/377/391 346/402/391 331/379/391
f 324/381/392 82/403/392 339/404/392
f 308/405/393 338/378/393 353/401/393
f 332/383/394 346/402/394 347/406/394
f 343/396/395 359/407/395 344/398/395
f 351/397/396 367/408/396 352/399/396
f 345/400/397 359/407/397 360/409/397
f 352/399/398 368/410/398 353/401/398
f 345/400/399 361/411/399 346/402/400
f 339/404/401 82/412/401 354/413/401
f 308/414/402 353/401/402 368/410/402
f 347/406/403 361/411/403 362/415/403
f 340/390/404 354/413/404 355/416/404
f 347/406/405 363/417/405 348/391/405
f 341/392/406 355/416/406 356/418/406
f 349/393/407 363/417/407 364/419/407
f 342/394/408 356/418/408 357/420/408
f 349/393/409 365/421/409 350/395/409
f 343/396/410 357/420/410 358/422/410
f 350/395/411 366/423/411 351/397/411
f 362/424/412 378/425/412 363/426/412
f 355/427/413 371/428/413 356/429/413
f 364/430/414 378/425/414 379/431/414
f 356/429/415 372/432/415 357/433/415
f 364/430/416 380/434/416 365/435/416
f 358/436/417 372/432/417 373/437/417
f 366/438/418 380/434/418 381/439/418
f 358/436/419 374/440/419 359/441/419
f 367/442/420 381/439/420 382/443/420
f 360/444/421 374/440/421 375/445/421
f 368/446/422 382/443/422 383/447/422
f 360/444/423 376/448/423 361/449/424
f 354/450/425 82/451/425 369/452/425
f 308/453/426 368/446/426 383/447/426
f 362/424/427 376/448/427 377/454/427
f 354/450/428 370/455/428 355/427/428
f 381/439/429 397/456/429 382/443/429
f 375/445/430 389/457/430 390/458/430
f 382/443/431 398/459/431 383/447/431
f 375/445/432 391/460/432 376/448/432
f 369/452/433 82/461/433 384/462/433
f 308/463/434 383/447/434 398/459/434
f 377/454/435 391/460/435 392/464/436
f 370/455/437 384/462/437 385/465/437
f 377/454/438 393/466/438 378/425/438
f 371/428/439 385/465/439 386/467/439
f 379/431/440 393/466/440 394/468/440
f 371/428/441 387/469/441 372/432/441
f 380/434/442 394/468/442 395/470/442
f 372/432/443 388/471/443 373/437/443
f 381/439/444 395/470/444 396/472/444
f 373/437/445 389/457/445 374/440/446
f 393/466/447 409/473/447 394/468/447
f 386/467/448 402/474/448 387/469/448
f 394/468/449 410/475/449 395/470/449
f 388/471/450 402/474/450 403/476/450
f 396/472/451 410/475/451 411/477/451
f 389/457/452 403/476/452 404/478/452
f 396/472/453 412/479/453 397/456/454
f 390/458/455 404/478/455 405/480/455
f 398/459/456 412/479/456 413/481/456
f 391/460/457 405/480/457 406/482/458
f 384/462/459 82/483/459 399/484/459
f 308/485/460 398/459/460 413/481/460
f 391/460/461 407/486/461 392/464/462
f 384/462/463 400/487/464 385/465/464
f 392/464/465 408/488/465 393/466/465
f 386/467/466 400/487/466 401/489/466
f 413/481/467 427/490/467 428/491/467
f 406/482/468 420/492/468 421/493/468
f 399/484/469 82/494/469 414/495/469
f 308/496/470 413/481/470 428/491/470
f 406/482/471 422/497/471 407/486/472
f 399/484/473 415/498/473 400/487/473
f 408/488/474 422/497/474 423/499/474
f 401/489/475 415/498/475 416/500/475
f 409/473/476 423/499/476 424/501/476
f 401/489/477 417/502/477 402/474/477
f 410/475/478 424/501/478 425/503/478
f 402/474/479 418/504/479 403/476/479
f 411/477/480 425/503/480 426/505/480
f 403/476/481 419/506/481 404/478/481
f 411/477/482 427/490/482 412/479/482
f 404/478/483 420/492/483 405/480/483
f 417/502/484 431/507/484 432/508/484
f 424/501/485 440/509/485 425/503/485
f 418/504/486 432/508/486 433/510/486
f 425/503/487 441/511/487 426/505/487
f 418/504/488 434/512/488 419/506/488
f 426/505/489 442/513/489 427/490/489
f 420/492/490 434/512/490 435/514/490
f 427/490/491 443/515/491 428/491/491
f 420/492/492 436/516/492 421/493/492
f 414/495/493 82/517/493 429/518/493
f 308/519/494 428/491/494 443/515/494
f 422/497/495 436/516/495 437/520/495
f 415/498/496 429/518/496 430/521/496
f 422/497/497 438/522/497 423/499/497
f 416/500/498 430/521/498 431/507/498
f 424/501/499 438/522/499 439/523/499
f 435/514/500 451/524/500 436/516/500
f 429/518/501 82/525/501 444/526/501
f 308/527/502 443/515/502 458/528/502
f 437/520/503 451/524/503 452/529/503
f 429/518/504 445/530/504 430/521/504
f 437/520/505 453/531/505 438/522/505
f 430/521/506 446/532/506 431/507/507
f 439/523/508 453/531/508 454/533/508
f 431/507/509 447/534/509 432/508/509
f 439/523/510 455/535/510 440/509/510
f 433/510/511 447/534/511 448/536/511
f 441/511/512 455/535/512 456/537/512
f 433/510/513 449/538/513 434/512/513
f 442/513/514 456/537/514 457/539/514
f 435/514/515 449/538/515 450/540/515
f 443/515/516 457/539/516 458/528/516
f 454/533/517 470/541/517 455/535/517
f 448/536/518 462/542/518 463/543/518
f 456/537/519 470/541/519 471/544/519
f 448/536/520 464/545/521 449/538/521
f 457/539/522 471/544/523 472/546/522
f 450/540/524 464/545/524 465/547/524
f 458/528/525 472/546/525 473/548/525
f 450/540/526 466/549/526 451/524/527
f 444/526/528 82/550/528 459/551/528
f 308/552/529 458/528/529 473/548/529
f 452/529/530 466/549/530 467/553/530
f 444/526/531 460/554/531 445/530/531
f 452/529/532 468/555/532 453/531/532
f 445/530/533 461/556/533 446/532/533
f 454/533/534 468/555/535 469/557/534
f 446/532/536 462/542/536 447/534/536
f 459/551/537 82/558/537 474/4/537
f 308/559/538 473/548/538 482/8/538
f 467/553/539 4/1/539 5/11/539
f 460/554/540 474/4/540 475/13/540
f 467/553/541 478/14/541 468/555/541
f 461/556/542 475/13/542 1/16/542
f 469/557/543 478/14/543 6/18/543
f 461/556/544 476/20/544 462/542/544
f 469/557/545 479/23/545 470/541/545
f 463/543/546 476/20/546 2/24/546
f 471/544/547 479/23/547 480/27/547
f 463/543/548 477/29/548 464/545/548
f 471/544/549 481/31/549 472/546/549
f 465/547/550 477/29/550 3/32/550
f 472/546/551 482/8/551 473/548/551
f 465/547/552 4/1/552 466/549/552
f 4/1/1 3/32/1 13/2/1
f 4/1/4 14/3/4 15/10/4
f 474/4/5 7/6/5 8/12/5
f 478/14/6 5/11/6 15/10/6
f 1/16/7 475/13/7 8/12/7
f 6/18/8 478/14/8 16/15/8
f 476/20/9 1/16/9 9/17/9
f 6/18/10 17/19/10 18/22/10
f 2/24/11 476/20/11 10/21/11
f 479/23/12 18/22/12 19/26/12
f 2/24/13 11/25/13 12/28/13
f 480/27/14 19/26/14 20/30/14
f 477/29/15 12/28/15 13/2/15
f 482/8/16 481/31/16 20/30/16
f 12/28/17 27/48/17 28/33/17
f 20/30/18 35/49/18 36/34/18
f 14/3/19 13/2/19 28/33/19
f 14/3/23 29/35/23 30/39/23
f 8/12/24 7/6/24 22/37/24
f 16/15/25 15/10/25 30/39/25
f 8/12/26 23/40/26 24/42/26
f 17/19/27 16/15/553 31/41/27
f 9/17/28 24/42/28 25/44/28
f 18/22/29 17/19/29 32/43/29
f 10/21/30 25/44/30 26/46/30
f 19/26/31 18/22/31 33/45/31
f 11/25/32 26/46/32 27/48/32
f 20/30/34 19/26/34 34/47/34
f 32/43/35 31/41/35 46/50/35
f 25/44/36 24/42/36 39/52/36
f 32/43/37 47/51/37 48/54/37
f 26/46/38 25/44/38 40/53/38
f 33/45/39 48/54/39 49/56/39
f 26/46/40 41/55/40 42/57/40
f 34/47/41 49/56/41 50/58/41
f 28/33/42 27/48/42 42/57/42
f 35/49/43 50/58/43 51/60/43
f 28/33/44 43/59/44 44/61/44
f 30/39/47 29/35/554 44/61/47
f 23/40/48 22/37/48 37/63/48
f 30/39/49 45/65/49 46/50/49
f 24/42/50 23/40/50 38/66/50
f 51/60/52 50/58/52 65/67/52
f 43/59/53 58/83/53 59/69/53
f 45/65/56 44/61/56 59/69/56
f 37/63/57 52/71/57 53/74/57
f 46/50/58 45/65/58 60/73/58
f 38/66/59 53/74/59 54/76/59
f 47/51/60 46/50/60 61/75/60
f 39/52/61 54/76/61 55/78/61
f 47/51/62 62/77/555 63/79/62
f 41/55/63 40/53/64 55/78/64
f 49/56/65 48/54/65 63/79/65
f 41/55/66 56/80/66 57/82/66
f 50/58/67 49/56/67 64/81/67
f 42/57/68 57/82/68 58/83/68
f 55/78/69 54/76/69 69/84/69
f 63/79/70 62/77/556 77/86/70
f 55/78/71 70/85/71 71/88/71
f 63/79/73 78/87/73 79/89/73
f 56/80/74 71/88/74 72/90/74
f 64/81/75 79/89/75 80/91/75
f 58/83/76 57/82/76 72/90/76
f 65/67/77 80/91/77 81/93/77
f 59/69/78 58/83/78 73/92/78
f 59/69/81 74/94/81 75/98/81
f 53/74/82 52/71/82 67/96/82
f 60/73/83 75/98/83 76/100/83
f 54/76/84 53/74/84 68/99/84
f 62/77/85 61/75/85 76/100/85
f 74/94/86 73/92/557 89/101/86
f 74/94/89 90/102/558 91/107/89
f 67/96/90 83/104/90 84/108/90
f 76/100/92 75/98/92 91/107/92
f 68/99/93 84/108/93 85/110/93
f 76/100/95 92/109/95 93/111/95
f 69/84/96 85/110/96 86/112/96
f 78/87/97 77/86/97 93/111/97
f 70/85/98 86/112/98 87/114/98
f 79/89/99 78/87/99 94/113/99
f 72/90/100 71/88/100 87/114/100
f 80/91/101 79/89/101 95/115/101
f 72/90/102 88/116/102 89/101/102
f 81/93/103 80/91/559 96/117/103
f 93/111/104 108/134/104 109/118/104
f 87/114/105 86/112/105 101/119/105
f 94/113/106 109/118/106 110/121/106
f 88/116/107 87/114/560 102/120/107
f 95/115/108 110/121/108 111/123/108
f 89/101/109 88/116/109 103/122/109
f 97/106/110 96/117/110 111/123/110
f 89/101/111 104/124/111 105/126/111
f 91/107/114 90/102/114 105/126/114
f 83/104/115 98/128/115 99/131/115
f 91/107/116 106/130/116 107/132/116
f 85/110/117 84/108/117 99/131/117
f 92/109/118 107/132/118 108/134/118
f 86/112/120 85/110/120 100/133/120
f 106/130/122 105/126/122 120/137/122
f 99/131/123 98/128/123 113/139/123
f 106/130/124 121/138/124 122/141/124
f 99/131/125 114/140/125 115/142/125
f 107/132/126 122/141/126 123/143/126
f 100/133/127 115/142/127 116/144/127
f 109/118/128 108/134/128 123/143/128
f 101/119/129 116/144/129 117/146/129
f 110/121/130 109/118/130 124/145/130
f 103/122/131 102/120/131 117/146/131
f 111/123/132 110/121/132 125/147/132
f 104/124/133 103/122/133 118/148/133
f 111/123/134 126/149/134 127/136/134
f 104/124/135 119/150/135 120/137/135
f 124/145/138 139/167/138 140/152/138
f 117/146/139 132/168/139 133/153/139
f 125/147/140 140/152/140 141/154/140
f 119/150/141 118/148/141 133/153/141
f 127/136/142 126/149/142 141/154/142
f 119/150/143 134/155/561 135/157/143
f 121/138/146 120/137/146 135/157/146
f 113/139/147 128/159/147 129/162/147
f 121/138/148 136/161/148 137/163/148
f 115/142/149 114/140/149 129/162/149
f 123/143/150 122/141/150 137/163/150
f 116/144/151 115/142/151 130/164/151
f 123/143/152 138/165/152 139/167/152
f 117/146/153 116/144/153 131/166/153
f 129/162/154 128/159/154 143/169/154
f 136/161/155 151/185/155 152/171/155
f 129/162/156 144/170/156 145/172/156
f 138/165/157 137/163/562 152/171/157
f 130/164/158 145/172/158 146/174/158
f 139/167/159 138/165/159 153/173/159
f 131/166/160 146/174/160 147/176/160
f 140/152/161 139/167/161 154/175/161
f 132/168/162 147/176/162 148/178/162
f 141/154/164 140/152/164 155/177/164
f 134/155/165 133/153/165 148/178/165
f 141/154/166 156/179/166 157/181/166
f 134/155/167 149/180/167 150/182/167
f 136/161/170 135/157/170 150/182/170
f 147/176/172 162/201/172 163/186/172
f 155/177/173 170/202/173 171/187/173
f 149/180/174 148/178/174 163/186/174
f 156/179/175 171/187/563 172/189/175
f 149/180/176 164/188/564 165/190/176
f 151/185/179 150/182/179 165/190/179
f 144/170/180 143/169/180 158/192/180
f 151/185/182 166/194/182 167/196/182
f 145/172/183 144/170/183 159/195/183
f 153/173/185 152/171/185 167/196/185
f 146/174/186 145/172/186 160/197/186
f 153/173/187 168/198/187 169/200/187
f 147/176/188 146/174/188 161/199/188
f 154/175/189 169/200/189 170/202/189
f 167/196/190 166/194/190 181/203/190
f 159/195/191 174/219/191 175/205/191
f 168/198/192 167/196/192 182/204/192
f 160/197/193 175/205/193 176/207/193
f 168/198/194 183/206/565 184/208/194
f 162/201/195 161/199/195 176/207/195
f 170/202/197 169/200/197 184/208/197
f 162/201/198 177/209/198 178/211/198
f 171/187/199 170/202/199 185/210/199
f 163/186/200 178/211/200 179/213/200
f 172/189/201 171/187/201 186/212/201
f 164/188/202 179/213/202 180/215/202
f 166/194/205 165/190/205 180/215/205
f 158/192/206 173/217/206 174/219/206
f 185/210/207 200/236/207 201/220/207
f 179/213/208 178/211/208 193/221/208
f 186/212/209 201/220/209 202/223/209
f 179/213/210 194/222/210 195/224/210
f 181/203/213 180/215/213 195/224/213
f 174/219/214 173/217/214 188/226/214
f 181/203/215 196/228/215 197/230/215
f 175/205/216 174/219/216 189/229/216
f 182/204/217 197/230/217 198/232/217
f 176/207/218 175/205/218 190/231/218
f 184/208/219 183/206/566 198/232/219
f 176/207/220 191/233/220 192/235/220
f 184/208/222 199/234/222 200/236/222
f 178/211/223 177/209/223 192/235/223
f 189/229/224 204/252/224 205/237/225
f 197/230/226 212/253/226 213/238/226
f 190/231/227 205/237/227 206/239/227
f 199/234/228 198/232/228 213/238/228
f 191/233/229 206/239/229 207/241/229
f 200/236/230 199/234/230 214/240/230
f 193/221/231 192/235/231 207/241/231
f 201/220/232 200/236/232 215/242/232
f 194/222/233 193/221/233 208/243/233
f 202/223/234 201/220/567 216/244/234
f 194/222/235 209/245/235 210/247/235
f 196/228/238 195/224/238 210/247/238
f 188/226/239 203/249/239 204/252/239
f 196/228/241 211/251/241 212/253/241
f 209/245/242 208/243/242 223/254/242
f 217/246/243 216/244/243 231/256/243
f 209/245/244 224/255/244 225/258/244
f 211/251/248 210/247/248 225/258/248
f 203/249/249 218/260/249 219/263/249
f 211/251/250 226/262/250 227/264/250
f 204/252/251 219/263/251 220/265/251
f 212/253/252 227/264/568 228/266/252
f 206/239/253 205/237/253 220/265/253
f 213/238/254 228/266/254 229/268/254
f 207/241/255 206/239/255 221/267/255
f 214/240/256 229/268/256 230/270/256
f 208/243/257 207/241/257 222/269/257
f 216/244/259 215/242/259 230/270/259
f 227/264/260 242/287/260 243/271/260
f 221/267/261 220/265/261 235/272/261
f 229/268/262 228/266/262 243/271/262
f 221/267/263 236/273/263 237/275/263
f 229/268/264 244/274/264 245/276/264
f 223/254/265 222/269/265 237/275/265
f 230/270/266 245/276/266 246/278/266
f 224/255/267 223/254/267 238/277/267
f 231/256/268 246/278/268 247/280/268
f 224/255/269 239/279/269 240/281/269
f 226/262/272 225/258/272 240/281/272
f 219/263/273 218/260/273 233/283/273
f 226/262/274 241/285/274 242/287/274
f 220/265/275 219/263/275 234/286/275
f 247/280/276 246/278/276 261/288/276
f 239/279/277 254/304/569 255/290/277
f 241/285/280 240/281/280 255/290/280
f 233/283/282 248/292/282 249/295/282
f 241/285/283 256/294/283 257/296/283
f 234/286/284 249/295/284 250/297/284
f 243/271/285 242/287/285 257/296/285
f 235/272/286 250/297/286 251/299/286
f 243/271/287 258/298/287 259/300/287
f 237/275/288 236/273/288 251/299/288
f 245/276/289 244/274/289 259/300/289
f 237/275/290 252/301/290 253/303/290
f 246/278/291 245/276/291 260/302/291
f 239/279/292 238/277/292 253/303/292
f 259/300/293 258/298/293 273/305/293
f 251/299/294 266/321/294 267/307/294
f 260/302/295 259/300/295 274/306/295
f 252/301/296 267/307/296 268/309/296
f 260/302/297 275/308/297 276/310/297
f 254/304/298 253/303/298 268/309/298
f 261/288/299 276/310/299 277/312/299
f 254/304/300 269/311/300 270/313/300
f 256/294/303 255/290/303 270/313/303
f 249/295/305 248/292/305 263/315/305
f 256/294/306 271/317/306 272/319/306
f 250/297/307 249/295/307 264/318/307
f 258/298/308 257/296/570 272/319/308
f 250/297/309 265/320/309 266/321/309
f 271/317/312 270/313/571 285/326/312
f 264/318/313 263/315/313 278/323/313
f 271/317/315 286/327/315 287/329/315
f 265/320/316 264/318/317 279/328/317
f 272/319/318 287/329/318 288/331/318
f 266/321/319 265/320/319 280/330/319
f 273/305/320 288/331/320 289/333/320
f 267/307/321 266/321/321 281/332/321
f 274/306/322 289/333/322 290/335/322
f 268/309/323 267/307/323 282/334/323
f 275/308/324 290/335/324 291/337/324
f 269/311/325 268/309/325 283/336/325
f 276/310/326 291/337/572 292/325/326
f 269/311/327 284/338/327 285/326/327
f 281/332/328 296/354/328 297/339/328
f 289/333/329 304/355/329 305/340/329
f 282/334/330 297/339/330 298/341/330
f 291/337/331 290/335/331 305/340/331
f 283/336/332 298/341/332 299/343/332
f 292/325/333 291/337/333 306/342/333
f 284/338/334 299/343/334 300/345/334
f 286/327/337 285/326/337 300/345/337
f 278/323/338 293/347/338 294/350/338
f 287/329/339 286/327/339 301/349/339
f 279/328/340 294/350/340 295/352/340
f 288/331/341 287/329/341 302/351/341
f 281/332/342 280/330/342 295/352/342
f 289/333/343 288/331/343 303/353/343
f 301/349/344 300/345/344 316/356/344
f 294/350/345 293/347/345 309/358/345
f 301/349/346 317/357/346 318/360/346
f 295/352/347 294/350/347 310/359/347
f 302/351/348 318/360/348 319/362/348
f 296/354/349 295/352/349 311/361/349
f 304/355/350 303/353/350 319/362/350
f 296/354/351 312/363/351 313/365/351
f 304/355/352 320/364/352 321/366/352
f 298/341/353 297/339/353 313/365/353
f 305/340/354 321/366/354 322/368/354
f 299/343/355 298/341/355 314/367/355
f 306/342/356 322/368/356 323/370/356
f 299/343/357 315/369/357 316/356/357
f 321/366/360 320/364/360 335/373/360
f 313/365/361 328/389/361 329/375/361
f 322/368/362 321/366/362 336/374/362
f 315/369/363 314/367/363 329/375/363
f 323/370/364 322/368/573 337/376/364
f 315/369/365 330/377/365 331/379/365
f 317/357/368 316/356/368 331/379/368
f 309/358/369 324/381/369 325/384/369
f 317/357/371 332/383/371 333/385/371
f 310/359/372 325/384/372 326/386/372
f 319/362/374 318/360/374 333/385/374
f 311/361/375 326/386/375 327/388/375
f 320/364/376 319/362/376 334/387/376
f 312/363/377 327/388/377 328/389/377
f 324/381/378 339/404/378 340/390/378
f 332/383/379 347/406/379 348/391/379
f 325/384/380 340/390/380 341/392/380
f 334/387/381 333/385/382 348/391/382
f 327/388/383 326/386/383 341/392/383
f 334/387/384 349/393/384 350/395/384
f 328/389/385 327/388/385 342/394/385
f 335/373/386 350/395/386 351/397/386
f 328/389/387 343/396/574 344/398/387
f 337/376/388 336/374/388 351/397/388
f 330/377/389 329/375/389 344/398/389
f 338/378/390 337/376/390 352/399/390
f 330/377/391 345/400/391 346/402/391
f 332/383/394 331/379/394 346/402/394
f 343/396/395 358/422/395 359/407/395
f 351/397/396 366/423/396 367/408/396
f 345/400/397 344/398/397 359/407/397
f 352/399/398 367/408/398 368/410/398
f 345/400/399 360/409/399 361/411/399
f 347/406/403 346/402/403 361/411/403
f 340/390/404 339/404/404 354/413/404
f 347/406/405 362/415/405 363/417/405
f 341/392/406 340/390/406 355/416/406
f 349/393/407 348/391/407 363/417/407
f 342/394/408 341/392/408 356/418/408
f 349/393/409 364/419/409 365/421/409
f 343/396/410 342/394/410 357/420/410
f 350/395/411 365/421/411 366/423/411
f 362/424/412 377/454/412 378/425/412
f 355/427/413 370/455/413 371/428/413
f 364/430/414 363/426/414 378/425/414
f 356/429/415 371/428/415 372/432/415
f 364/430/416 379/431/416 380/434/416
f 358/436/417 357/433/417 372/432/417
f 366/438/418 365/435/418 380/434/418
f 358/436/419 373/437/419 374/440/419
f 367/442/420 366/438/420 381/439/420
f 360/444/421 359/441/421 374/440/421
f 368/446/422 367/442/422 382/443/422
f 360/444/423 375/445/423 376/448/423
f 362/424/427 361/449/575 376/448/427
f 354/450/428 369/452/428 370/455/428
f 381/439/429 396/472/429 397/456/429
f 375/445/430 374/440/430 389/457/430
f 382/443/431 397/456/431 398/459/431
f 375/445/432 390/458/432 391/460/432
f 377/454/435 376/448/435 391/460/435
f 370/455/437 369/452/437 384/462/437
f 377/454/438 392/464/438 393/466/438
f 371/428/439 370/455/439 385/465/439
f 379/431/440 378/425/576 393/466/440
f 371/428/441 386/467/441 387/469/441
f 380/434/442 379/431/442 394/468/442
f 372/432/443 387/469/443 388/471/443
f 381/439/444 380/434/444 395/470/444
f 373/437/445 388/471/445 389/457/445
f 393/466/447 408/488/447 409/473/447
f 386/467/448 401/489/448 402/474/448
f 394/468/449 409/473/449 410/475/449
f 388/471/450 387/469/450 402/474/450
f 396/472/451 395/470/451 410/475/451
f 389/457/452 388/471/452 403/476/452
f 396/472/453 411/477/453 412/479/453
f 390/458/455 389/457/455 404/478/455
f 398/459/456 397/456/577 412/479/456
f 391/460/457 390/458/457 405/480/457
f 391/460/461 406/482/578 407/486/461
f 384/462/463 399/484/463 400/487/464
f 392/464/465 407/486/465 408/488/465
f 386/467/466 385/465/466 400/487/466
f 413/481/467 412/479/467 427/490/467
f 406/482/468 405/480/579 420/492/468
f 406/482/471 421/493/471 422/497/471
f 399/484/473 414/495/473 415/498/473
f 408/488/474 407/486/474 422/497/474
f 401/489/475 400/487/475 415/498/475
f 409/473/476 408/488/476 423/499/476
f 401/489/477 416/500/477 417/502/477
f 410/475/478 409/473/478 424/501/478
f 402/474/479 417/502/479 418/504/479
f 411/477/480 410/475/480 425/503/480
f 403/476/481 418/504/481 419/506/481
f 411/477/482 426/505/482 427/490/482
f 404/478/483 419/506/483 420/492/483
f 417/502/484 416/500/484 431/507/484
f 424/501/485 439/523/485 440/509/485
f 418/504/486 417/502/486 432/508/486
f 425/503/487 440/509/487 441/511/487
f 418/504/488 433/510/488 434/512/488
f 426/505/489 441/511/489 442/513/489
f 420/492/490 419/506/490 434/512/490
f 427/490/491 442/513/491 443/515/491
f 420/492/492 435/514/492 436/516/492
f 422/497/495 421/493/495 436/516/495
f 415/498/496 414/495/496 429/518/496
f 422/497/497 437/520/497 438/522/497
f 416/500/498 415/498/498 430/521/498
f 424/501/499 423/499/499 438/522/499
f 435/514/500 450/540/500 451/524/500
f 437/520/503 436/516/503 451/524/503
f 429/518/504 444/526/504 445/530/504
f 437/520/505 452/529/505 453/531/505
f 430/521/506 445/530/506 446/532/506
f 439/523/508 438/522/508 453/531/508
f 431/507/509 446/532/509 447/534/509
f 439/523/510 454/533/510 455/535/510
f 433/510/511 432/508/511 447/534/511
f 441/511/512 440/509/512 455/535/512
f 433/510/513 448/536/513 449/538/513
f 442/513/514 441/511/514 456/537/514
f 435/514/515 434/512/515 449/538/515
f 443/515/516 442/513/516 457/539/516
f 454/533/517 469/557/517 470/541/517
f 448/536/518 447/534/518 462/542/518
f 456/537/519 455/535/519 470/541/519
f 448/536/520 463/543/520 464/545/521
f 457/539/522 456/537/523 471/544/523
f 450/540/524 449/538/524 464/545/524
f 458/528/525 457/539/525 472/546/525
f 450/540/526 465/547/526 466/549/526
f 452/529/530 451/524/530 466/549/530
f 444/526/531 459/551/531 460/554/531
f 452/529/532 467/553/532 468/555/532
f 445/530/533 460/554/533 461/556/533
f 454/533/534 453/531/535 468/555/535
f 446/532/536 461/556/536 462/542/536
f 467/553/539 466/549/539 4/1/539
f 460/554/540 459/551/540 474/4/540
f 467/553/541 5/11/541 478/14/541
f 461/556/542 460/554/542 475/13/542
f 469/557/543 468/555/543 478/14/543
f 461/556/544 1/16/544 476/20/544
f 469/557/545 6/18/545 479/23/545
f 463/543/546 462/542/546 476/20/546
f 471/544/547 470/541/547 479/23/547
f 463/543/548 2/24/548 477/29/548
f 471/544/549 480/27/549 481/31/549
f 465/547/550 464/545/550 477/29/550
f 472/546/551 481/31/551 482/8/551
f 465/547/552 3/32/552 4/1/552
f 484/560/580 485/448/580 483/449/580
f 485/448/581 488/561/582 487/460/581
f 488/561/583 489/482/584 487/460/584
f 490/562/585 491/493/585 489/482/585
f 491/493/586 494/563/587 493/516/586
f 494/563/588 495/524/589 493/516/589
f 496/564/590 497/549/590 495/524/590
f 497/549/591 500/565/592 499/1/591
f 500/565/593 501/3/593 499/1/593
f 501/3/594 504/566/594 503/35/594
f 504/566/595 505/61/596 503/35/596
f 506/567/597 507/69/597 505/61/597
f 507/69/598 510/568/599 509/94/598
f 509/94/600 512/569/601 511/102/600
f 512/569/602 513/126/602 511/102/602
f 513/126/603 516/570/604 515/137/603
f 515/137/605 518/571/605 517/157/605
f 518/571/606 519/182/607 517/157/607
f 519/182/608 522/572/609 521/190/608
f 521/190/610 524/573/611 523/215/612
f 524/573/613 525/224/614 523/215/614
f 525/224/615 528/574/616 527/247/615
f 528/574/617 529/258/617 527/247/617
f 529/258/618 532/575/619 531/281/618
f 531/281/620 534/576/621 533/290/620
f 534/576/622 535/313/623 533/290/623
f 535/313/624 538/577/624 537/326/624
f 538/577/625 539/345/626 537/326/626
f 540/578/627 541/356/628 539/345/628
f 541/356/629 544/579/630 543/379/629
f 492/580/631 490/581/631 508/582/631
f 543/379/632 546/583/633 545/402/632
f 546/583/634 483/411/635 545/402/635
f 541/584/636 543/585/637 521/586/637
f 547/449/638 550/587/639 548/560/640
f 551/460/641 550/587/642 549/448/641
f 551/460/643 554/562/644 552/561/644
f 553/482/645 556/588/645 554/562/645
f 557/516/646 556/588/646 555/493/646
f 559/524/647 558/563/647 557/516/647
f 559/524/648 562/589/648 560/564/648
f 563/1/649 562/589/649 561/549/649
f 565/3/650 564/565/650 563/1/650
f 565/3/651 568/566/652 566/590/652
f 569/61/653 568/566/654 567/35/653
f 569/61/655 572/591/655 570/567/655
f 571/69/656 574/568/657 572/591/657
f 575/102/658 574/568/659 573/94/658
f 577/126/660 576/569/661 575/102/660
f 579/137/662 578/592/663 577/126/662
f 579/137/664 582/571/665 580/570/665
f 583/182/666 582/571/666 581/157/666
f 583/182/667 586/572/668 584/593/668
f 587/215/669 586/572/669 585/190/669
f 587/215/670 590/594/670 588/573/670
f 591/247/671 590/594/671 589/224/671
f 593/258/672 592/574/672 591/247/672
f 593/258/673 596/575/674 594/595/674
f 597/290/675 596/575/675 595/281/675
f 597/290/676 600/596/677 598/576/677
f 599/313/678 602/577/679 600/596/679
f 603/345/680 602/577/681 601/326/680
f 603/345/682 606/597/682 604/578/682
f 607/379/683 606/597/684 605/356/683
f 592/598/685 596/599/685 600/600/685
f 607/379/686 610/583/686 608/579/686
f 547/411/687 610/583/688 609/402/687
f 553/601/689 551/602/690 573/603/690
f 484/560/580 486/587/580 485/448/580
f 485/448/581 486/587/582 488/561/582
f 488/561/583 490/562/583 489/482/584
f 490/562/585 492/588/585 491/493/585
f 491/493/586 492/588/587 494/563/587
f 494/563/588 496/564/588 495/524/589
f 496/564/590 498/589/590 497/549/590
f 497/549/591 498/589/592 500/565/592
f 500/565/593 502/590/593 501/3/593
f 501/3/594 502/590/594 504/566/594
f 504/566/595 506/567/595 505/61/596
f 506/567/597 508/591/597 507/69/597
f 507/69/598 508/591/599 510/568/599
f 509/94/600 510/568/601 512/569/601
f 512/569/602 514/592/602 513/126/602
f 513/126/603 514/592/604 516/570/604
f 515/137/605 516/570/605 518/571/605
f 518/571/606 520/593/606 519/182/607
f 519/182/608 520/593/609 522/572/609
f 521/190/610 522/572/611 524/573/611
f 524/573/613 526/594/613 525/224/614
f 525/224/615 526/594/616 528/574/616
f 528/574/617 530/595/617 529/258/617
f 529/258/618 530/595/619 532/575/619
f 531/281/620 532/575/621 534/576/621
f 534/576/622 536/596/622 535/313/623
f 535/313/624 536/596/624 538/577/624
f 538/577/625 540/578/625 539/345/626
f 540/578/627 542/597/627 541/356/628
f 541/356/629 542/597/630 544/579/630
f 488/604/631 486/605/631 514/606/631
f 486/605/631 484/607/691 516/608/631
f 484/607/691 546/609/631 518/610/691
f 546/609/631 544/611/631 520/612/631
f 544/611/631 542/613/631 520/612/631
f 542/613/631 540/614/691 522/615/631
f 520/612/631 542/613/631 522/615/631
f 540/614/691 538/616/691 524/617/691
f 538/616/691 536/600/692 526/618/693
f 524/617/691 538/616/691 526/618/693
f 536/600/692 534/619/691 528/598/691
f 534/619/691 532/599/631 528/598/691
f 532/599/631 530/620/694 528/598/691
f 528/598/691 526/618/693 536/600/692
f 524/617/691 522/615/631 540/614/691
f 520/612/631 518/610/691 546/609/631
f 518/610/691 516/608/631 484/607/691
f 516/608/631 514/606/631 486/605/631
f 514/606/631 512/621/631 488/604/631
f 512/621/631 510/622/631 488/604/631
f 510/622/631 508/582/631 490/581/631
f 488/604/631 510/622/631 490/581/631
f 508/582/631 506/623/631 492/580/631
f 506/623/631 504/624/692 494/625/631
f 492/580/631 506/623/631 494/625/631
f 504/624/692 502/626/695 500/627/691
f 500/627/691 498/628/692 504/624/692
f 498/628/692 496/629/693 504/624/692
f 496/629/693 494/625/631 504/624/692
f 543/379/632 544/579/633 546/583/633
f 546/583/634 484/630/634 483/411/635
f 545/631/637 483/632/637 515/633/696
f 483/632/637 485/634/696 513/635/637
f 485/634/696 487/602/637 513/635/637
f 487/602/637 489/601/637 511/636/637
f 513/635/637 487/602/637 511/636/637
f 489/601/637 491/637/696 507/638/696
f 491/637/696 493/639/697 505/640/696
f 493/639/697 495/641/698 505/640/696
f 495/641/698 497/642/699 503/643/698
f 505/640/696 495/641/698 503/643/698
f 497/642/699 499/644/700 501/645/696
f 501/645/696 503/643/698 497/642/699
f 505/640/696 507/638/696 491/637/696
f 507/638/696 509/603/637 489/601/637
f 509/603/637 511/636/637 489/601/637
f 513/635/637 515/633/696 483/632/637
f 515/633/696 517/646/637 545/631/637
f 517/646/637 519/647/637 545/631/637
f 519/647/637 521/586/637 543/585/637
f 545/631/637 519/647/637 543/585/637
f 521/586/637 523/648/637 539/649/696
f 523/648/637 525/650/696 537/651/696
f 525/650/696 527/652/696 537/651/696
f 527/652/696 529/653/636 535/654/637
f 537/651/696 527/652/696 535/654/637
f 529/653/636 531/655/696 533/656/698
f 533/656/698 535/654/637 529/653/636
f 537/651/696 539/649/696 523/648/637
f 539/649/696 541/584/636 521/586/637
f 547/449/638 549/448/638 550/587/639
f 551/460/641 552/561/642 550/587/642
f 551/460/643 553/482/643 554/562/644
f 553/482/645 555/493/645 556/588/645
f 557/516/646 558/563/646 556/588/646
f 559/524/647 560/564/647 558/563/647
f 559/524/648 561/549/648 562/589/648
f 563/1/649 564/565/649 562/589/649
f 565/3/650 566/590/650 564/565/650
f 565/3/651 567/35/651 568/566/652
f 569/61/653 570/567/654 568/566/654
f 569/61/655 571/69/655 572/591/655
f 571/69/656 573/94/656 574/568/657
f 575/102/658 576/569/659 574/568/659
f 577/126/660 578/592/661 576/569/661
f 579/137/662 580/570/663 578/592/663
f 579/137/664 581/157/664 582/571/665
f 583/182/666 584/593/666 582/571/666
f 583/182/667 585/190/667 586/572/668
f 587/215/669 588/573/669 586/572/669
f 587/215/670 589/224/670 590/594/670
f 591/247/671 592/574/671 590/594/671
f 593/258/672 594/595/672 592/574/672
f 593/258/673 595/281/673 596/575/674
f 597/290/675 598/576/675 596/575/675
f 597/290/676 599/313/676 600/596/677
f 599/313/678 601/326/678 602/577/679
f 603/345/680 604/578/681 602/577/681
f 603/345/682 605/356/701 606/597/682
f 607/379/683 608/579/684 606/597/684
f 548/607/685 550/605/685 578/606/685
f 550/605/685 552/604/685 576/621/685
f 552/604/685 554/581/685 574/622/685
f 554/581/685 556/580/685 572/582/702
f 556/580/685 558/625/685 572/582/702
f 558/625/685 560/629/685 570/623/685
f 572/582/702 558/625/685 570/623/685
f 560/629/685 562/628/703 564/627/702
f 564/627/702 566/626/704 568/624/703
f 568/624/703 570/623/685 560/629/685
f 572/582/702 574/622/685 554/581/685
f 574/622/685 576/621/685 552/604/685
f 576/621/685 578/606/685 550/605/685
f 578/606/685 580/608/685 548/607/685
f 580/608/685 582/610/685 548/607/685
f 582/610/685 584/612/685 610/609/685
f 548/607/685 582/610/685 610/609/685
f 584/612/685 586/615/685 608/611/702
f 586/615/685 588/617/685 606/613/685
f 608/611/702 586/615/685 606/613/685
f 588/617/685 590/618/703 602/616/685
f 590/618/703 592/598/685 600/600/685
f 592/598/685 594/620/685 596/599/685
f 596/599/685 598/619/702 600/600/685
f 600/600/685 602/616/685 590/618/703
f 602/616/685 604/614/685 588/617/685
f 604/614/685 606/613/685 588/617/685
f 608/611/702 610/609/685 584/612/685
f 560/629/685 564/627/702 568/624/703
f 607/379/686 609/402/686 610/583/686
f 547/411/687 548/630/688 610/583/688
f 549/634/690 547/632/690 579/633/690
f 547/632/690 609/631/690 581/646/690
f 609/631/690 607/585/690 581/646/690
f 607/585/690 605/584/690 583/647/690
f 581/646/690 607/585/690 583/647/690
f 605/584/690 603/649/690 587/648/690
f 603/649/690 601/651/690 589/650/705
f 601/651/690 599/654/690 589/650/705
f 599/654/690 597/656/690 591/652/690
f 589/650/705 599/654/690 591/652/690
f 597/656/690 595/655/706 593/653/690
f 593/653/690 591/652/690 597/656/690
f 589/650/705 587/648/690 603/649/690
f 587/648/690 585/586/690 605/584/690
f 585/586/690 583/647/690 605/584/690
f 581/646/690 579/633/690 547/632/690
f 579/633/690 577/635/690 549/634/690
f 577/635/690 575/636/690 549/634/690
f 575/636/690 573/603/690 551/602/690
f 549/634/690 575/636/690 551/602/690
f 573/603/690 571/638/690 555/637/690
f 571/638/690 569/640/690 557/639/705
f 569/640/690 567/643/689 557/639/705
f 567/643/689 565/645/705 559/641/690
f 557/639/705 567/643/689 559/641/690
f 565/645/705 563/644/690 561/642/690
f 561/642/690 559/641/690 565/645/705
f 557/639/705 555/637/690 571/638/690
f 555/637/690 553/601/689 573/603/690
f 612/560/707 613/448/707 611/449/707
f 614/587/708 615/460/708 613/448/708
f 616/561/709 617/482/709 615/460/709
f 618/562/710 619/493/710 617/482/710
f 619/493/711 622/563/711 621/516/711
f 621/516/712 624/564/712 623/524/712
f 624/564/713 625/549/713 623/524/713
f 626/589/714 627/1/714 625/549/714
f 628/565/715 629/3/715 627/1/715
f 630/590/716 631/35/716 629/3/716
f 632/566/717 633/61/717 631/35/717
f 633/61/718 636/591/718 635/69/718
f 635/69/719 638/568/719 637/94/719
f 637/94/720 640/569/720 639/102/720
f 640/569/721 641/126/721 639/102/721
f 642/592/722 643/137/722 641/126/722
f 644/570/723 645/157/723 643/137/723
f 646/571/724 647/182/724 645/157/724
f 648/593/725 649/190/725 647/182/725
f 649/190/726 652/573/726 651/215/726
f 652/573/727 653/224/727 651/215/727
f 653/224/728 656/574/728 655/247/728
f 656/574/729 657/258/729 655/247/729
f 658/595/730 659/281/730 657/258/730
f 660/575/731 661/290/731 659/281/731
f 662/576/732 663/313/732 661/290/732
f 664/596/733 665/326/733 663/313/733
f 666/577/734 667/345/734 665/326/734
f 668/578/735 669/356/735 667/345/735
f 669/356/736 672/579/736 671/379/736
f 648/612/737 632/624/737 616/604/737
f 672/579/738 673/402/738 671/379/738
f 674/583/739 611/411/739 673/402/739
f 665/651/740 673/631/740 641/635/740
f 612/560/707 614/587/707 613/448/707
f 614/587/708 616/561/708 615/460/708
f 616/561/709 618/562/709 617/482/709
f 618/562/710 620/588/710 619/493/710
f 619/493/711 620/588/711 622/563/711
f 621/516/712 622/563/712 624/564/712
f 624/564/713 626/589/713 625/549/713
f 626/589/714 628/565/714 627/1/714
f 628/565/715 630/590/715 629/3/715
f 630/590/716 632/566/716 631/35/716
f 632/566/717 634/567/717 633/61/717
f 633/61/718 634/567/718 636/591/718
f 635/69/719 636/591/719 638/568/719
f 637/94/720 638/568/720 640/569/720
f 640/569/721 642/592/721 641/126/721
f 642/592/722 644/570/722 643/137/722
f 644/570/723 646/571/723 645/157/723
f 646/571/724 648/593/724 647/182/724
f 648/593/725 650/572/725 649/190/725
f 649/190/726 650/572/726 652/573/726
f 652/573/727 654/594/727 653/224/727
f 653/224/728 654/594/728 656/574/728
f 656/574/729 658/595/729 657/258/729
f 658/595/730 660/575/730 659/281/730
f 660/575/731 662/576/731 661/290/731
f 662/576/732 664/596/732 663/313/732
f 664/596/733 666/577/733 665/326/733
f 666/577/734 668/578/734 667/345/734
f 668/578/735 670/597/735 669/356/735
f 669/356/736 670/597/736 672/579/736
f 616/604/737 614/605/737 672/611/737
f 614/605/737 612/607/737 672/611/737
f 612/607/737 674/609/737 672/611/737
f 672/611/737 670/613/737 668/614/737
f 668/614/737 666/616/737 664/600/737
f 664/600/737 662/619/737 660/599/737
f 660/599/737 658/620/737 664/600/737
f 658/620/737 656/598/737 664/600/737
f 656/598/737 654/618/737 652/617/737
f 652/617/737 650/615/737 648/612/737
f 648/612/737 646/610/737 640/621/737
f 646/610/737 644/608/737 640/621/737
f 644/608/737 642/606/737 640/621/737
f 640/621/737 638/622/737 636/582/737
f 636/582/737 634/623/737 632/624/737
f 632/624/737 630/626/737 624/629/737
f 630/626/737 628/627/737 624/629/737
f 628/627/737 626/628/737 624/629/737
f 624/629/737 622/625/737 620/580/737
f 620/580/737 618/581/737 616/604/737
f 672/611/737 668/614/737 616/604/737
f 668/614/737 664/600/737 616/604/737
f 656/598/737 652/617/737 664/600/737
f 652/617/737 648/612/737 664/600/737
f 640/621/737 636/582/737 648/612/737
f 636/582/737 632/624/737 648/612/737
f 624/629/737 620/580/737 632/624/737
f 620/580/737 616/604/737 632/624/737
f 616/604/737 664/600/737 648/612/737
f 672/579/738 674/583/738 673/402/738
f 674/583/739 612/630/739 611/411/739
f 673/631/740 611/632/740 617/601/740
f 611/632/740 613/634/740 617/601/740
f 613/634/740 615/602/740 617/601/740
f 617/601/740 619/637/740 625/642/740
f 619/637/740 621/639/740 625/642/740
f 621/639/740 623/641/740 625/642/740
f 625/642/740 627/644/740 633/640/740
f 627/644/740 629/645/740 633/640/740
f 629/645/740 631/643/740 633/640/740
f 633/640/740 635/638/740 637/603/740
f 637/603/740 639/636/740 641/635/740
f 641/635/740 643/633/740 649/586/740
f 643/633/740 645/646/740 649/586/740
f 645/646/740 647/647/740 649/586/740
f 649/586/740 651/648/740 653/650/740
f 653/650/740 655/652/740 657/653/740
f 657/653/740 659/655/740 665/651/740
f 659/655/740 661/656/740 665/651/740
f 661/656/740 663/654/740 665/651/740
f 665/651/740 667/649/740 669/584/740
f 669/584/740 671/585/740 673/631/740
f 633/640/740 637/603/740 625/642/740
f 637/603/740 641/635/740 625/642/740
f 649/586/740 653/650/740 641/635/740
f 653/650/740 657/653/740 641/635/740
f 665/651/740 669/584/740 673/631/740
f 673/631/740 617/601/740 641/635/740
f 617/601/740 625/642/740 641/635/740
f 657/653/740 665/651/740 641/635/740
